name,total,unanalyzed,wp7,wp8,slocwp7,slocwp8,sloc,apmwp8,apm,eap,tap,aa,aawp7,thread,threadpool,asyncdelegate,backgroundworker,task
1906ultras,1,0,1,0,2735,0,2735,0,0,0,0,0,0,0,0,0,0,0
245x+MosquitoSound,1,0,1,0,865,0,865,0,0,0,0,0,0,0,0,0,0,0
2Bmetro+IVLE,17,0,5,0,77766,0,77766,0,2,0,0,0,0,0,0,0,0,0
32feet,27,13,0,2,0,1433,1433,0,0,0,1,7,0,0,1,0,0,0
3dcalc,1,0,1,0,862,0,862,0,0,0,0,0,0,0,0,0,0,0
43things,3,0,2,0,1303,0,1303,0,4,0,0,0,0,0,0,0,0,0
7Pass+7Pass,2,0,2,0,19760,0,19760,0,4,2,0,0,0,0,13,0,3,0
8digits+8digits-WindowsPhone-SDK-Sample-App,1,0,0,1,0,2425,2425,22,22,0,0,0,0,0,0,0,0,0
aabweber+habrahabr-reader,1,0,1,0,2548,0,2548,0,1,0,0,0,0,0,0,0,0,0
Aaronontheweb+isolatedstorage-extensions,3,1,1,0,825,0,825,0,0,0,0,0,0,0,0,0,0,0
abettadapur+SplitTheBill,2,0,1,0,1197,0,1197,0,0,0,0,0,0,0,0,0,0,0
abettadapur+StudyTrackr,1,0,1,0,2292,0,2292,0,0,0,0,0,0,0,0,0,0,0
accelerometer,1,0,1,0,1363,0,1363,0,0,0,0,0,0,0,0,0,0,0
accounthelper,2,0,2,0,7021,0,7021,0,0,0,0,0,0,0,0,0,0,0
AdamBenoit+WindowsPhoneApps,6,0,5,0,5775,0,5775,0,0,0,0,0,0,0,0,0,0,0
adamsp+wsnz-windowsphone,8,0,0,8,0,6577,6577,3,3,0,0,0,0,0,0,0,0,0
adback03+TipCalculator,1,0,0,1,0,579,579,0,0,0,0,0,0,0,0,0,0,0
ademslab+recommendo,2,0,2,0,1897,0,1897,0,0,11,0,0,0,0,0,0,0,0
admobwp7,2,0,2,0,990,0,990,0,0,0,0,0,0,0,0,0,0,0
adr2370+Mastermind-Windows-Phone-Game,1,0,1,0,2767,0,2767,0,0,0,0,0,0,0,0,0,0,0
adrianchung+shooter,2,0,1,0,1052,0,1052,0,0,0,0,0,0,0,0,0,0,0
adsclient,4,0,1,0,4079,0,4079,0,0,4,1,39,39,0,0,0,0,0
adtractive+FoodBuzzer,3,0,3,0,7107,0,7107,0,2,2,0,0,0,0,0,0,0,0
advancedreader,6,0,3,0,8403,0,8403,0,0,0,0,0,0,0,0,0,3,0
advancedrei+XamlEssentials,7,0,1,1,1243,1304,2547,0,0,0,0,0,0,0,0,0,0,0
afiler+busdrone-win,1,0,1,0,683,0,683,0,0,0,0,0,0,0,0,0,0,0
agfx,6,0,5,0,12735,0,12735,0,4,0,0,0,0,1,2,0,0,0
agrocholski+network-connection-monitor,6,0,2,2,536,758,1294,0,0,0,0,0,0,0,0,0,0,0
ahmeda8+Deals2Buy,1,0,1,0,979,0,979,0,1,0,0,0,0,0,0,0,1,0
AidanTemple+Ark,2,0,1,0,1695,0,1695,0,0,0,0,0,0,0,0,0,0,0
ajgajg1134+nextTest,1,0,1,0,1384,0,1384,0,0,0,0,0,0,0,0,0,0,0
AlbertoMonteiro+AlbertoMonteiroWP7Tools,1,0,1,0,780,0,780,0,0,1,0,0,0,0,0,0,0,0
AlbertoMonteiro+FortesDojoPonto,1,0,0,1,0,1316,1316,0,0,2,0,0,0,0,0,0,0,0
AlbertoMonteiro+PassaReguaWP7,1,0,1,0,507,0,507,0,0,0,0,0,0,0,0,0,0,0
AlbertoMonteiro+QCon12WindowsPhone,2,0,1,0,1990,0,1990,0,0,0,1,20,20,0,0,0,0,0
AlbertoMonteiro+VidaDeProgramadorWP7,5,0,3,0,2096,0,2096,0,0,0,0,1,1,0,0,0,0,0
albyhwnd+InternetStatus,1,0,0,1,0,750,750,0,0,0,0,0,0,0,0,0,0,0
AleksandarDev+Eve,10,0,1,0,4299,0,4299,0,0,4,0,0,0,0,0,0,0,0
alexiscn+social_share,4,0,2,2,3404,3428,6832,5,10,0,0,0,0,0,0,0,0,0
alexmullans+RHITBandwidth,1,0,0,1,0,1131,1131,0,0,1,0,0,0,1,0,0,0,0
alexpeta+LocationBasedReminderWP8,3,0,0,3,0,4522,4522,0,0,0,0,6,0,0,0,0,0,4
alexyida+Japanese-Kana,1,0,1,0,1296,0,1296,0,0,0,0,0,0,0,0,0,0,0
allenamente,1,0,1,0,13499,0,13499,0,1,0,0,0,0,1,0,0,0,0
alltalk,3,0,1,0,2092,0,2092,0,0,0,0,0,0,0,0,0,0,0
altima+Fotoideen-WP7,1,0,1,0,6614,0,6614,0,1,0,0,0,0,0,0,0,0,0
altima+xkey7,1,0,1,0,782,0,782,0,0,3,0,0,0,0,0,0,0,0
altman,6,0,6,0,16919,0,16919,0,8,2,0,0,0,0,0,0,3,0
amiit+Audio_Aarti,2,0,2,0,817,0,817,0,0,0,0,0,0,0,0,0,0,0
analyticsforw8,7,0,0,1,0,567,567,0,0,0,0,0,0,0,0,0,0,0
anant-pushkar+wanderer,1,0,1,0,620,0,620,0,0,5,0,0,0,0,0,0,0,0
Andrei-Paul+Socius,1,0,0,1,0,1148,1148,0,0,4,0,0,0,0,0,0,0,0
andreloty+wrumble,1,0,1,0,5196,0,5196,0,2,9,0,0,0,0,0,0,0,0
AndresEspinosa+WindowsPhoneApplication,1,0,1,0,3063,0,3063,0,0,0,0,0,0,0,0,0,0,0
andycnzh+MyTasks,1,0,1,0,831,0,831,0,0,0,0,0,0,0,0,0,0,0
andycnzh+MyTimer,1,0,0,1,0,681,681,0,0,0,0,0,0,0,0,0,0,0
andymarch+PBTrainer,1,0,1,0,1994,0,1994,0,0,0,0,0,0,0,0,0,2,0
angerona,1,0,1,0,6588,0,6588,0,0,0,0,0,0,0,0,0,0,0
animexx,1,0,0,1,0,567,567,0,0,0,0,0,0,0,0,0,0,0
anirudh24seven+DeltaDrain-wp7,1,0,1,0,548,0,548,0,0,0,0,0,0,0,0,0,0,0
ankeshanand+Wanderer,1,0,1,0,620,0,620,0,0,5,0,0,0,0,0,0,0,0
anthonybaker+WP8ClippingMaskSample02,1,0,0,1,0,570,570,0,0,0,0,0,0,0,0,0,0,0
anthonybaker+WP8ClippingMaskSample03,1,0,0,1,0,550,550,0,0,0,0,0,0,0,0,0,0,0
Anthuan+TheOldReaderWP,1,0,0,1,0,2783,2783,5,5,1,3,7,0,1,0,0,0,0
AntonioMora94+WindowsPhone,2,0,0,2,0,1428,1428,0,0,0,0,0,0,0,0,0,0,0
anttikajanus+ArcOrganization,1,0,0,1,0,3803,3803,0,0,0,1,21,0,0,0,0,0,0
anttikajanus+Peruka,5,1,0,4,0,4424,4424,0,0,0,0,21,0,0,0,0,0,0
anwell+ICS-WP,1,0,1,0,959,0,959,0,0,0,0,0,0,0,0,0,0,0
anytao+ModernReader,7,0,0,2,0,3682,3682,0,0,0,0,0,0,0,0,0,0,0
apex,87,36,8,0,40574,0,40574,0,0,0,0,0,0,0,7,0,0,0
ApexHAB+apex-lumia,3,0,3,0,17250,0,17250,0,0,0,5,6,6,2,0,0,1,0
applistcontrol,3,0,3,0,1421,0,1421,0,0,1,0,0,0,0,0,0,0,0
appnitiren,1,0,1,0,548,0,548,0,0,0,0,0,0,0,0,0,0,0
arabic4wp7,4,0,4,0,4648,0,4648,0,0,0,0,0,0,1,0,0,0,0
arielbh+BestMan,2,0,0,2,0,1815,1815,0,0,1,0,2,0,0,0,0,0,0
artem-zinnatullin+jet-image-loader,1,0,0,1,0,1304,1304,2,2,0,2,7,0,0,0,0,0,2
Arthraim+WbtoMongo,1,0,1,0,941,0,941,0,0,0,0,0,0,0,0,0,0,0
ArturPhilibin+dublin-bus-windows-phone,2,0,2,0,4383,0,4383,0,0,0,0,0,0,0,0,0,0,0
arunrobo+EMA-WINDOWS-PHONE-BROWSER-APP,1,0,1,0,11140,0,11140,0,3,2,0,0,0,1,1,0,0,0
arvftoolkit,1,0,1,0,790,0,790,0,0,0,0,0,0,0,0,0,0,0
Ascii85+twweather,4,0,4,0,5683,0,5683,0,0,1,0,0,0,0,0,0,0,0
asdForever+myth.kz-windows-phone-7-agent,1,0,1,0,1914,0,1914,0,2,1,0,0,0,0,0,0,0,0
Asfiroth+LimaRoute,1,0,1,0,2530,0,2530,0,0,6,0,0,0,0,0,0,0,0
asizikov+ebuddy.assignment,3,0,3,0,2362,0,2362,0,0,0,0,0,0,0,0,0,0,0
assassin87+My-Notepad,1,0,1,0,545,0,545,0,0,0,0,0,0,0,0,0,0,0
astagi+magpi-wp,1,0,1,0,677,0,677,0,0,2,0,0,0,0,0,0,0,0
astralcontrols,1,0,1,0,701,0,701,0,0,0,0,0,0,0,0,0,0,0
asynclivesdk,2,0,1,1,446,446,892,0,0,0,0,0,0,0,0,0,0,0
atomaras+CrossGIS,6,0,2,2,2160,3337,5497,0,0,0,0,5,2,0,0,0,0,0
Atrac613+HelloWorld-WindowsPhone8,1,0,0,1,0,567,567,0,0,0,0,0,0,0,0,0,0,0
AtulSShephertz+Tutorials_WP_7_8,1,0,1,0,1376,0,1376,0,0,0,0,0,0,0,0,0,0,0
autohelper,2,0,2,0,3863,0,3863,0,0,3,0,0,0,0,0,0,0,0
avicfeedswp,1,0,1,0,1379,0,1379,0,0,0,0,0,0,0,0,0,0,0
aywengo+LanIpCalculator,2,0,2,0,33169,0,33169,0,0,0,0,0,0,0,0,0,0,0
Azhaguthasan+WPP,1,0,0,1,0,1046,1046,0,0,0,0,0,0,0,0,0,0,0
azuretracer,3,0,3,0,5857,0,5857,0,0,0,0,0,0,0,0,0,0,0
babatakao+my-first-windows-phone,1,0,1,0,540,0,540,0,0,2,0,0,0,0,0,0,0,0
bamconv,1,0,1,0,1757,0,1757,0,0,1,0,0,0,0,0,0,0,0
bangowinphone75sdk,2,0,2,0,4838,0,4838,0,2,0,0,0,0,0,0,0,1,0
bangowinphone7sdk,2,0,2,0,3765,0,3765,0,2,0,0,0,0,1,0,0,0,0
bangowinphone8sdk,2,0,0,2,0,6728,6728,2,2,1,0,0,0,0,0,0,1,0
banjoh+noppawp8,4,0,0,4,0,7466,7466,1,1,0,3,48,0,0,0,0,0,4
baseball,1,0,1,0,803,0,803,0,0,0,2,2,2,0,0,0,0,0
bashlykevich+MythologyWP,1,0,1,0,2723,0,2723,0,0,0,0,0,0,0,0,0,0,0
battleauth,2,0,2,0,161862,0,161862,0,3,0,0,0,0,0,1,0,0,0
battlelogmobile,12,0,12,0,17545,0,17545,0,8,4,0,0,0,0,0,0,0,0
battlex2010+VITattendace,2,0,2,0,2691,0,2691,0,0,2,0,0,0,0,0,0,1,0
baurmatt+WP-29C3,1,0,1,0,2784,0,2784,0,0,4,0,0,0,0,0,0,1,0
bbqassistant,1,0,1,0,672,0,672,0,0,0,0,0,0,0,0,0,0,0
bdetchison+WP7SkyDriveIntegration,1,0,1,0,1387,0,1387,0,0,0,0,0,0,0,0,0,0,0
beamartian,4,0,3,0,19780,0,19780,0,12,10,0,0,0,0,0,0,0,0
bechynsky+Bump,1,0,1,0,638,0,638,0,0,0,0,0,0,0,0,0,0,0
beehivephone,1,0,1,0,1900,0,1900,0,0,0,0,0,0,0,0,0,0,0
bergermeister+Pantry_Protector-WindowsPhone7,1,0,1,0,1622,0,1622,0,0,0,0,0,0,0,0,0,0,0
betaseries,14,0,2,0,16208,0,16208,0,6,0,0,0,0,0,0,0,0,0
bewisephonecontrols,2,0,2,0,10656,0,10656,0,0,6,0,0,0,0,1,0,0,0
bfforwp,1,0,1,0,2571,0,2571,0,0,0,0,0,0,0,1,0,0,0
bgourlie+MadCity-Metro-Times,1,0,1,0,1985,0,1985,0,4,0,0,0,0,0,0,0,0,0
bharathkannan+Voip,34,0,21,0,18138,0,18138,0,12,25,0,0,0,19,2,0,0,0
bhargavgolla+WindowsPhoneApps,7,0,7,0,6384,0,6384,0,0,5,0,0,0,0,0,0,0,0
billmoling+WindowspPhonePuzzle,1,0,1,0,1219,0,1219,0,0,0,0,0,0,0,0,0,0,0
bindableapplicationb,2,0,0,2,0,3720,3720,0,0,0,0,0,0,0,0,0,0,0
blackjackwp7,4,0,1,0,1358,0,1358,0,0,0,0,0,0,0,0,0,0,0
blawkay,3,0,2,0,2090,0,2090,0,0,0,0,0,0,0,0,0,0,0
blueplanet+GHIssues,3,0,3,0,2501,0,2501,0,0,0,0,0,0,0,0,0,0,0
bNick+WPOnLinePlayer,2,0,2,0,1402,0,1402,0,0,1,0,0,0,0,0,0,0,0
bombajob,1,0,1,0,6142,0,6142,0,0,3,0,0,0,0,0,0,1,0
Bongakonke+WhackAMole,1,0,1,0,1101,0,1101,0,0,0,0,0,0,0,0,0,0,0
bootlegrobot+awful2,4,0,3,1,25204,13724,38928,0,0,0,0,2,0,0,0,0,0,0
Boumbles+DiceRoller,1,0,1,0,700,0,700,0,0,0,0,0,0,0,0,0,0,0
Boumbles+TipCalculator,1,0,1,0,647,0,647,0,0,0,0,0,0,0,0,0,0,0
box2dxna,7,0,2,0,22647,0,22647,0,0,0,0,0,0,0,0,0,0,0
braintree+braintree_windows_phone_encryption,2,0,2,0,14722,0,14722,0,0,0,0,0,0,0,1,0,0,0
braintree+braintree_windows_phone_encryption_examples,1,0,1,0,576,0,576,0,0,0,0,0,0,0,0,0,0,0
bravelocation+bedsideclock,2,0,0,1,0,2496,2496,0,0,2,0,0,0,0,0,0,0,0
brbulic+Practic.Framework,1,0,1,0,618,0,618,0,0,0,0,0,0,1,0,0,0,0
brentedwards+Charmed,13,0,0,4,0,6319,6319,0,0,1,10,10,0,1,0,0,0,1
brianoconnell+MealPlanner,3,0,0,3,0,2119,2119,0,0,0,0,0,0,1,0,0,0,0
briantbailey+ITM569-WinPhone,1,0,1,0,1858,0,1858,0,0,1,0,0,0,0,0,0,0,0
bringking+CloudMineWP7,2,0,2,0,656,0,656,0,0,0,0,0,0,0,0,0,0,0
brunoserrano+wp-neuralnetworks,1,0,1,0,588,0,588,0,0,0,0,0,0,0,0,0,0,0
bryansills+wtfsiw-wp7,1,0,1,0,572,0,572,0,0,2,0,0,0,0,0,0,0,0
bsiegel+lager,7,0,6,0,10764,0,10764,0,0,0,0,0,0,0,1,0,0,0
btsmarco+TheAgpeya,1,0,1,0,5006,0,5006,0,0,0,0,0,0,0,0,0,0,0
bugsense+BugSense-Windows-Phone-library,13,0,7,0,3883,0,3883,0,6,0,0,0,0,0,2,0,0,0
bugsense+BugSense-WP8,2,0,0,1,0,3748,3748,2,2,0,0,16,0,0,0,0,0,13
bulby,5,2,1,0,756,0,756,0,0,0,0,0,0,0,0,0,0,0
Bunk+trellow,2,0,0,2,0,19663,19663,0,0,0,0,41,0,0,0,0,0,0
busko+locationtools-windowsphone,1,0,0,1,0,567,567,0,0,0,0,0,0,0,0,0,0,0
bxf,9,0,1,1,1086,987,2073,0,0,0,0,0,0,0,0,0,0,0
c4fwheresmycar,2,0,2,0,4283,0,4283,0,0,0,0,0,0,0,0,0,0,0
C4NCER+Wellington-Trains,5,1,2,0,1361,0,1361,0,0,1,0,0,0,0,0,0,0,0
calculon,3,0,2,0,1319,0,1319,0,0,0,0,0,0,0,0,0,0,0
callahanrts+GeoHoops,5,0,3,0,41410,0,41410,0,0,0,0,0,0,0,0,0,0,0
camolin3+directSiding-WP7,1,0,1,0,899,0,899,0,0,4,0,0,0,0,3,0,1,0
campuscloudwindowsphone8,1,0,0,1,0,12485,12485,3,3,2,0,0,0,1,1,0,0,0
cannon,14,0,6,0,6781,0,6781,0,5,0,0,0,0,0,0,0,0,0
canvaswp,2,0,2,0,2423,0,2423,0,3,4,0,0,0,0,0,0,0,0
capwindowsphone,1,0,1,0,635,0,635,0,0,0,0,0,0,0,0,0,0,0
carbloke,2,0,2,0,11708,0,11708,0,0,0,0,0,0,0,0,0,0,0
cardgame532,2,0,1,0,2105,0,2105,0,0,0,0,0,0,0,0,0,0,0
cardgameswp7,31,1,10,0,98393,0,98393,0,0,0,0,0,0,0,0,0,0,0
cardiffwpug,1,0,1,0,4919,0,4919,0,0,7,0,0,0,0,0,0,0,0
catalogoportavel,7,0,0,2,0,774,774,0,0,0,0,10,0,0,0,0,0,0
Catrobat+CatrobatForWindows,9,1,0,3,0,16069,16069,0,0,0,0,5,0,1,0,0,0,0
cbauschk+TalkSee,27,0,21,4,32981,10888,43869,4,9,12,0,3,0,4,4,0,0,0
cbhl+LndrMeApp,1,0,1,0,1701,0,1701,0,2,0,0,0,0,0,0,0,0,0
ccnetwp7,4,0,3,0,3906,0,3906,0,0,1,0,0,0,0,0,0,0,0
cdxlib,6,0,5,0,8321,0,8321,0,0,0,0,0,0,0,0,0,0,0
celloyu+MiniBrowser,1,0,0,1,0,582,582,0,0,0,0,0,0,0,0,0,0,0
centrolutions+WiFi-Thermostats,3,0,1,0,1192,0,1192,0,0,2,0,0,0,0,0,0,0,0
cerberillo+AdSwitcher,2,0,2,0,1547,0,1547,0,0,0,0,0,0,0,0,0,0,0
cerulean,2,0,2,0,1066,0,1066,0,0,13,0,0,0,0,5,0,0,0
cetdevelop,50,31,6,4,10420,6971,17391,0,0,9,0,15,10,0,0,0,0,1
CH3COOH+AutoColoring-for-Windows-Phone-7,2,0,2,0,1047,0,1047,0,0,0,0,0,0,0,0,0,0,0
CH3COOH+Softbuild.Data,6,0,2,2,801,1021,1822,0,0,0,0,7,0,1,0,0,0,0
CH3COOH+Softbuild.Media,6,2,2,0,4702,0,4702,0,0,0,0,0,0,0,0,0,0,0
ChadMcCallum+ListenHere,1,0,0,1,0,642,642,0,0,4,0,1,0,0,0,0,0,0
ChadMcCallum+rapido,1,0,1,0,1372,0,1372,0,0,0,0,0,0,0,0,0,0,0
chandler55+wordgrid,3,1,1,0,9999,0,9999,0,0,0,0,0,0,0,0,0,0,0
chandrabindu,1,0,1,0,901,0,901,0,0,0,0,0,0,0,0,0,0,0
ChangweiZhang+EmergencyPositioningtool,1,0,1,0,960,0,960,0,0,0,0,0,0,0,0,0,0,0
ChangweiZhang+QuickSetting,1,0,0,1,0,1250,1250,0,0,0,0,0,0,0,0,0,0,0
charlottegaogao+mixUpWinPhone,1,0,1,0,633,0,633,0,0,0,0,0,0,0,0,0,0,0
charming,7,0,0,7,0,4273,4273,1,1,0,0,6,0,0,0,0,0,0
chenkai+behance-for-windows-phone,1,0,0,1,0,567,567,0,0,0,0,0,0,0,0,0,0,0
chenkai+CustomLiveTile,1,0,0,1,0,567,567,0,0,0,0,0,0,0,0,0,0,0
chenkai+DataEncryptWindowsPhoneDemo,1,0,1,0,2628,0,2628,0,0,0,0,0,0,0,0,0,0,0
chenkai+dribbble-for-windows-phone-8,3,0,0,3,0,9271,9271,0,0,1,4,2,0,0,0,0,0,0
chenkai+Touch-Gestures-on-Windows-Phone,1,0,1,0,985,0,985,0,0,0,0,0,0,0,0,0,0,0
chenkai+Windows-phone-Automation-Test-Sample,3,0,2,0,871,0,871,0,0,2,0,0,0,0,0,0,0,0
chenliang0571+Health-Tracker,1,0,1,0,1837,0,1837,0,0,0,0,0,0,0,0,0,0,0
ChiiAyano+GoodYeyGenerator,1,0,1,0,869,0,869,0,0,0,0,0,0,0,0,0,0,0
chinauincom,2,0,2,0,8051,0,8051,0,1,0,0,0,0,0,0,0,0,0
chriscena+Prosjekt-IFUD1001,3,0,0,3,0,4262,4262,0,0,0,0,0,0,1,0,0,0,0
ChrisJamesC+Kitchen-Metrics,1,0,1,0,651,0,651,0,0,0,0,0,0,0,0,0,0,0
ChrisKoenig+DatabaseForMango,1,0,1,0,848,0,848,0,0,0,0,0,0,0,0,0,0,0
ChrisKoenig+MangoTiles,1,0,1,0,529,0,529,0,0,0,0,0,0,0,0,0,0,0
ChrisKoenig+Windows-Phone-Starter-Kit-for-RSS,1,0,0,1,0,1929,1929,1,1,0,0,0,0,0,0,0,0,0
ChrisKoenig+Windows-Phone-Starter-Kit-for-Schools,1,0,0,1,0,2021,2021,2,2,1,0,0,0,0,0,0,0,0
ChrisKoenig+Windows-Phone-Starter-Kit-for-WordPress,1,0,0,1,0,1541,1541,2,2,1,0,0,0,0,0,0,0,0
christophwille+viennarealtime,5,0,0,2,0,7488,7488,2,2,1,0,31,0,0,0,0,0,17
chromigo+VK_Light,1,0,1,0,3943,0,3943,0,0,13,0,0,0,0,0,0,0,0
chrysalis,2,0,2,0,2946,0,2946,0,0,0,0,0,0,0,0,0,0,0
churchs19+StirlingMoney,10,0,9,0,25728,0,25728,0,0,0,0,0,0,0,0,0,0,0
Cimbalino+Cimbalino-Phone-Toolkit,24,9,5,10,2311,22975,25286,0,0,0,0,37,0,0,0,0,0,0
citylizard,25,4,1,2,1862,2275,4137,0,0,0,0,0,0,0,0,0,0,0
cloudbase-io+CBHelper-WindowsPhone,2,0,0,2,0,4251,4251,2,2,1,0,0,0,0,0,0,0,0
cloudfox,6,0,6,0,7271,0,7271,0,3,0,0,0,0,0,5,0,0,0
cmicreader,1,0,1,0,3230,0,3230,0,0,0,0,0,0,0,0,0,0,0
cnblogs,6,0,4,2,12620,6307,18927,2,6,3,0,0,0,3,6,0,0,0
codenauts+HockeySDK-WindowsPhone,3,0,0,1,0,2423,2423,2,2,0,1,2,0,0,0,0,0,1
codeplexapp,1,0,1,0,981,0,981,0,0,0,0,0,0,0,0,0,0,0
codetitans,40,5,5,4,33563,34895,68458,10,20,0,0,0,0,2,5,0,0,0
coding4fun,53,0,21,15,60811,49060,109871,16,31,5,5,4,0,0,29,0,0,0
coeveryforwp,3,0,3,0,2816,0,2816,0,2,0,0,0,0,0,0,0,0,0
coldacid+wp7combobox,2,0,2,0,568,0,568,0,0,0,0,0,0,0,0,0,0,0
Cole119+MobileTribunal,1,0,0,1,0,1611,1611,4,4,0,1,0,0,0,0,0,0,0
colee12+MyFirstWP8App,1,0,0,1,0,588,588,0,0,0,0,0,0,0,0,0,0,0
ColinEberhardt+WP7-ClearStyle,1,0,1,0,2492,0,2492,0,0,0,0,0,0,0,0,0,0,0
ColinEberhardt+WP8-MapGestures,1,0,0,1,0,896,896,0,0,0,0,0,0,0,0,0,0,0
combobug,1,0,1,0,3706,0,3706,0,0,1,0,0,0,0,0,0,0,0
Countly+countly-sdk-windows-phone,7,0,5,0,2367,0,2367,0,1,0,0,0,0,1,0,0,0,0
courier,16,0,3,0,1559,0,1559,0,0,0,0,0,0,0,0,0,1,0
cpmcgrath+Bankr,3,0,0,3,0,4780,4780,0,0,0,3,8,0,0,0,0,0,0
cpmcgrath+TelevisionGuideAustralia,1,0,0,1,0,1745,1745,2,2,0,0,0,0,0,0,0,0,0
crawford+Lists,1,0,1,0,668,0,668,0,0,0,0,0,0,0,0,0,0,0
crazysnake,3,0,1,0,602,0,602,0,0,0,0,0,0,0,0,0,0,0
crystalbyte+asphalt,6,0,0,1,0,7159,7159,0,0,2,4,31,0,0,0,0,0,2
csuk+CRC-app,1,0,0,1,0,1152,1152,0,0,0,0,0,0,0,0,0,0,0
currency,1,0,1,0,1710,0,1710,0,3,0,0,0,0,0,0,0,0,0
cwoodruff+vslive_odata_winphone8,1,0,0,1,0,757,757,1,1,0,0,0,0,0,0,0,0,0
dafyomi,2,0,2,0,576,0,576,0,0,0,0,0,0,0,0,0,0,0
daizhenjun+ImageFilterForWindowsPhone,1,0,1,0,10062,0,10062,0,0,0,0,0,0,0,0,0,0,0
Dall0o+AleaDice,1,0,1,0,776,0,776,0,0,0,0,0,0,0,0,0,0,0
Damian-Lopata+BlockBuster,2,0,1,0,2231,0,2231,0,1,0,0,0,0,1,0,0,0,0
damienpuig+WP7-RMM-Project,3,0,3,0,6602,0,6602,0,0,0,0,0,0,0,0,0,0,1
Daniel506+MovieReader,1,0,0,1,0,1682,1682,3,3,1,0,0,0,0,0,0,0,0
danielhba+Invasion,2,0,2,0,1384,0,1384,0,0,0,0,0,0,0,0,0,0,0
DanielSumara+WindowsPhone-FuelCalculator,4,0,3,0,6993,0,6993,0,0,0,0,0,0,0,0,0,0,0
dannysu+mangastream,3,0,3,0,4123,0,4123,0,0,3,0,0,0,0,0,0,0,0
daronyondem+CafeNeroTRWP,1,0,0,1,0,1207,1207,0,0,4,0,0,0,0,0,0,0,0
daronyondem+sinemaciWP,1,0,0,1,0,2761,2761,0,0,4,0,0,0,0,0,0,0,0
Dartasien+WindowsPhoneEreaderProject,1,0,0,1,0,1634,1634,1,1,0,0,18,0,0,0,0,0,0
dasanjos+TallinnTransport,1,0,1,0,1083,0,1083,0,0,0,0,0,0,0,0,0,0,0
DavidBurela+Windows8DeveloperCampPhoneApplication,1,0,0,1,0,617,617,0,0,0,0,0,0,0,0,0,0,0
davideberdin+Jalkapallo,7,0,2,0,3537,0,3537,0,0,0,0,0,0,0,0,0,0,0
DeaDiana+WindowsPhone,2,0,0,2,0,1533,1533,0,0,0,0,4,0,0,0,0,0,0
deezersdkwp,2,0,2,0,2296,0,2296,0,14,0,0,0,0,0,0,0,0,0
dend+beem,3,0,3,0,4671,0,4671,0,2,5,2,9,9,0,0,0,0,0
dend+Hackernator,1,0,1,0,659,0,659,0,1,0,0,0,0,0,0,0,0,0
dend+WP-ControlKit,2,0,2,0,735,0,735,0,0,4,0,0,0,0,0,0,0,0
denised+nextferry,1,0,1,0,3943,0,3943,0,0,2,0,0,0,0,0,0,2,0
Depechie+GF13,3,0,0,1,0,1777,1777,0,0,0,3,3,0,0,1,0,0,0
derekdowling+The-Umpire-Strikes-Back,3,1,2,0,17639,0,17639,0,0,0,0,0,0,0,0,0,0,0
descorp+GoWindows,1,0,1,0,629,0,629,0,0,0,0,0,0,0,0,0,0,0
devianartgallery,1,0,1,0,1014,0,1014,0,0,2,0,0,0,0,0,0,0,0
DevilMayCry4+WindowsPhone,4,0,0,4,0,3238,3238,0,0,1,0,0,0,0,0,0,0,0
devmobile,5,0,5,0,2614,0,2614,0,0,0,0,0,0,0,0,0,0,0
devphonetoolkit,4,0,2,0,19961,0,19961,0,0,0,0,0,0,0,0,0,0,0
devshorts+MetroPhone,1,0,1,0,1669,0,1669,0,0,1,0,0,0,0,0,0,0,0
dfberry+WAZDash,5,0,4,0,16646,0,16646,0,18,0,0,0,0,0,0,0,0,0
dfberry+WP7LoginChildWindow,1,0,1,0,505,0,505,0,0,0,0,0,0,0,0,0,0,0
diceshaker,6,0,4,2,4383,638,5021,0,0,0,0,0,0,0,0,0,0,0
dideler+gps-tower-defense,1,0,1,0,7004,0,7004,0,0,0,0,0,0,0,0,0,0,0
Digillect+mvvm-wp,2,0,1,1,3083,3083,6166,0,0,0,2,9,5,0,0,0,0,0
DimaStebaev+simulation_of_stochastic_processes_lab2,1,0,1,0,1433,0,1433,0,0,0,0,0,0,0,0,0,1,0
Dimon4eg+TestGame1,1,0,1,0,1187,0,1187,0,0,0,0,0,0,0,0,0,0,0
disbitski+DoodlePad,1,0,1,0,2810,0,2810,0,0,0,0,0,0,0,0,0,0,0
disbitski+WindowsPhoneGarage,1,0,1,0,1067,0,1067,0,0,0,0,0,0,0,0,0,0,0
disbitski+WP8WoWAPIKit,1,0,0,1,0,896,896,0,0,0,0,0,0,0,0,0,0,0
diswptoolkit,2,0,2,0,2421,0,2421,0,0,0,0,0,0,0,0,0,0,0
divebuddyplanner,4,0,2,0,3365,0,3365,0,0,0,0,0,0,0,0,0,0,0
dkarzon+JabbRPhone,1,0,1,0,2049,0,2049,0,0,0,9,0,0,0,1,0,0,0
Dmdv+RssCnnReader,1,0,1,0,1004,0,1004,0,0,1,0,0,0,0,0,0,0,0
dnndashservice,1,0,1,0,2255,0,2255,0,1,0,0,0,0,0,0,0,0,0
dobrak,6,0,0,1,0,1836,1836,0,0,2,0,0,0,0,0,0,0,0
dobroezlo+MetroLepra,4,0,0,4,0,3884,3884,2,2,0,17,28,0,0,0,0,0,0
dodola+WP7Fanfou,2,0,2,0,10361,0,10361,0,5,0,0,0,0,0,0,0,0,0
dotCypress+AppFog,3,0,3,0,2948,0,2948,0,0,0,0,0,0,0,0,0,0,0
dotCypress+Vermeil,3,0,0,3,0,4914,4914,0,0,0,0,0,0,0,0,0,0,0
dotMorten+SharpGIS.GZipWebClient,1,0,1,0,702,0,702,0,3,0,0,0,0,0,0,0,0,0
dotMorten+SharpGIS.HttpClient.WP,4,0,1,2,2764,3293,6057,6,12,0,10,12,4,0,0,0,0,0
dotnetautor+WP8Kochbuch,27,3,1,19,322,14210,14532,2,2,2,2,23,0,0,0,0,0,1
dotnetrdf,49,0,1,0,227073,0,227073,0,0,0,0,0,0,0,0,0,0,0
douban,1,0,0,1,0,898,898,0,0,0,0,0,0,0,0,0,0,0
douglasstarnes+mnugwp7,6,0,6,0,2609,0,2609,0,0,0,0,0,0,0,0,0,0,0
douglaszuniga+Gato,2,0,2,0,815,0,815,0,0,0,0,0,0,0,0,0,0,0
douglaszuniga+Watch,1,0,1,0,818,0,818,0,0,0,0,0,0,0,0,0,0,0
dovesibuttawp,1,0,1,0,2270,0,2270,0,0,0,0,0,0,0,0,0,0,0
dradis,1,0,0,1,0,2863,2863,0,0,0,0,1,0,0,0,0,0,0
dropboxy,2,0,2,0,6748,0,6748,0,6,0,0,0,0,0,0,0,0,0
dsengine,7,0,2,0,3850,0,3850,0,0,0,0,0,0,0,0,0,0,0
dsfirth+AlarmClockWP7,1,0,1,0,2147,0,2147,0,0,0,0,0,0,0,0,0,0,0
dsm0709+wp,3,0,3,0,9754,0,9754,0,5,9,0,0,0,0,0,0,0,0
dsplaisted+Disentanglement,5,0,1,0,787,0,787,0,0,0,0,0,0,0,1,0,0,0
dul,16,0,2,0,612,0,612,0,0,0,0,0,0,0,1,0,0,0
dumasymptote+weight4it,1,0,0,1,0,1272,1272,0,0,0,0,0,0,0,0,0,0,0
dynamicpivots,1,0,1,0,655,0,655,0,0,0,0,0,0,0,0,0,0,0
echogarden,2,0,2,0,2335,0,2335,0,0,0,0,0,0,0,0,0,0,0
EGartin+AurariaCampusAppSE,1,0,1,0,826,0,826,0,0,0,0,0,0,0,0,0,0,0
EgorBo+MvvmNavigationToolkit,4,0,0,2,0,1558,1558,0,0,0,0,2,0,0,0,0,0,0
ekkoratha+EkkorathaWP7,1,0,1,0,2591,0,2591,0,0,0,0,0,0,0,0,0,0,0
elliotrodriguez+101WinPhoneApps,1,0,0,1,0,620,620,0,0,0,0,0,0,0,0,0,0,0
emoe,1,0,1,0,910,0,910,0,0,0,0,0,0,0,0,0,0,0
emoji4wp7,2,0,2,0,1098,0,1098,0,0,0,0,0,0,0,0,0,0,0
emp+todoit,1,0,1,0,618,0,618,0,0,0,0,0,0,0,0,0,0,0
energysba,1,0,1,0,5211,0,5211,0,0,2,0,0,0,0,0,0,0,0
entrepreneurapps,1,0,1,0,1243,0,1243,0,2,0,0,0,0,0,0,0,0,0
enyblock+bus_finder,1,0,1,0,1985,0,1985,0,0,0,0,0,0,0,0,0,0,0
enyblock+enyblock_note,1,0,1,0,1000,0,1000,0,0,0,0,0,0,0,0,0,0,0
epubreader4wp,5,0,2,3,45158,45624,90782,0,0,0,0,0,0,0,4,0,0,0
epubreaderwp,1,0,1,0,5374,0,5374,0,0,0,0,0,0,0,2,0,0,0
ercling+podgeek,1,0,1,0,1043,0,1043,0,0,1,0,0,0,0,0,0,0,0
ericsk+taipei-youbike-wp,2,0,1,1,2510,2653,5163,0,0,3,0,3,0,0,0,0,0,0
esaanwp7,2,0,2,0,3109,0,3109,0,0,1,0,0,0,0,0,0,0,0
esrisilverlight,8,0,2,0,24273,0,24273,0,0,8,0,0,0,0,0,0,1,0
essentials,21,0,5,0,30230,0,30230,0,0,0,0,0,0,1,1,0,0,0
eTilbudsavis+native-windows-phone-sdk,6,0,6,0,10454,0,10454,0,3,3,3,42,42,0,1,0,1,0
euphoria,4,0,4,0,890,0,890,0,0,0,0,0,0,0,0,0,0,0
eurocalculator,1,0,1,0,606,0,606,0,0,0,0,0,0,0,0,0,0,0
evelinad+TaskNotifier,1,0,1,0,1847,0,1847,0,0,0,0,0,0,0,0,0,0,0
exchangeexample,2,0,2,0,639,0,639,0,0,0,0,0,0,0,0,0,0,0
expensesmanager,1,0,0,1,0,567,567,0,0,0,0,0,0,0,0,0,0,0
Expensify+WindowsPhoneTestFramework,25,0,3,1,11125,572,11697,0,1,1,0,0,0,1,2,0,2,0
fabmoll+SimpleTodo,1,0,1,0,1602,0,1602,0,0,0,0,0,0,0,0,0,0,0
facebook-csharp-sdk+facebook-winclient-sdk,6,0,2,2,1272,4870,6142,0,0,3,4,26,6,0,0,0,0,0
facebook-csharp-sdk+facebook-windows-phone-sample,2,0,1,1,777,1479,2256,0,0,10,1,3,0,0,0,0,0,0
facedetectwp7,3,0,3,0,1772,0,1772,0,0,0,0,0,0,1,0,0,0,0
fadelakin+WP8-To-Do-List,1,0,0,1,0,629,629,0,0,0,0,0,0,0,0,0,0,0
faintdeception+RedditProfilerForWindowsPhone,1,0,1,0,958,0,958,0,0,1,0,0,0,0,0,0,0,0
fakecall,1,0,1,0,2385,0,2385,0,0,0,0,0,0,0,0,0,0,0
fakemarketplace,1,0,1,0,963,0,963,0,0,0,0,0,0,0,0,0,0,0
fanqiezhong,1,0,1,0,921,0,921,0,0,0,0,0,0,0,0,0,0,0
farafonoff+Heartbeat,1,0,1,0,20131,0,20131,0,0,0,0,0,0,0,0,0,0,0
farafonoff+IAXWp7,1,0,1,0,9419,0,9419,0,0,1,0,0,0,1,0,0,0,0
farafonoff+VKOfflineMusic,2,0,2,0,1489,0,1489,0,0,1,0,0,0,0,0,0,0,0
farseerphysics,42,4,4,0,55108,0,55108,0,0,0,0,0,0,0,0,0,0,0
fastestways,1,0,0,1,0,3143,3143,0,0,1,0,5,0,0,0,0,0,0
fastmvvm,6,0,2,0,813,0,813,0,0,0,0,0,0,0,0,0,0,0
fdrapp,11,0,0,2,0,3180,3180,0,0,1,1,22,0,0,0,0,0,0
Feddas+CountdownApp,2,0,2,0,778,0,778,0,0,0,0,0,0,0,0,0,0,0
felven+weather-report-for-wp7,1,0,1,0,1137,0,1137,0,0,1,0,0,0,0,0,0,0,0
FerPerales+TicTacToe,2,0,2,0,652,0,652,0,0,0,0,0,0,0,0,0,0,0
fferegrino+CheckersWP8,1,0,0,1,0,808,808,0,0,0,0,0,0,0,0,0,0,0
fharper+Focusin,1,0,0,1,0,2408,2408,0,0,0,0,0,0,0,0,0,0,0
fifa0329+TweeJumpForWP,1,0,1,0,1049,0,1049,0,0,0,0,0,0,0,0,0,0,0
findmychamp,1,0,1,0,1906,0,1906,0,0,0,0,0,0,0,0,0,0,0
FlairWork+Quran360WindowsPhone,1,0,1,0,9207,0,9207,0,0,7,0,0,0,0,0,0,0,0
flcdrg+Gardiner.Oclock,3,0,2,1,1340,462,1802,0,0,0,0,0,0,0,0,0,0,0
flickrnetsamples,3,0,1,0,721,0,721,0,0,0,0,0,0,0,0,0,0,0
flickrwp,1,0,1,0,3167,0,3167,0,9,54,0,0,0,0,0,0,0,0
fluffy88+Irish-Cinema-Listings,1,0,1,0,5278,0,5278,0,5,0,0,0,0,0,0,0,0,0
fluffy88+TV-Guide,1,0,0,1,0,1579,1579,5,5,0,0,0,0,0,0,0,0,0
fmatheus+G7Phenology,1,0,1,0,947,0,947,0,0,0,0,0,0,0,0,0,0,0
follwit,3,0,1,1,6401,727,7128,0,2,8,0,1,0,0,0,0,0,0
fordprefect480+GigNotes,1,0,0,1,0,2343,2343,0,0,0,0,0,0,0,0,0,0,0
fpreti+WindowsPhoneApp,1,0,1,0,1754,0,1754,0,0,2,0,0,0,0,0,0,0,0
frank44+Just-Run,1,0,1,0,1100,0,1100,0,0,0,0,0,0,0,0,0,0,0
frolic,19,0,8,0,26717,0,26717,0,0,0,0,0,0,0,0,0,0,0
frozenbubblexna,2,0,1,0,6458,0,6458,0,0,0,0,0,0,0,0,0,0,0
fsalinasna+MyInventory,5,0,4,0,21362,0,21362,0,1,1,0,0,0,1,5,0,0,0
furykid+AntiCandidaDietApp,1,0,1,0,1348,0,1348,0,0,0,0,0,0,0,0,0,0,0
furykid+BusinessPartner,1,0,1,0,4973,0,4973,0,0,0,0,0,0,0,0,0,0,0
furykid+MeterMaid,2,0,2,0,2601,0,2601,0,0,0,0,0,0,0,0,0,0,0
FVilevski+WindowsPhone8,1,0,0,1,0,800,800,0,0,1,0,0,0,0,0,0,0,0
gabriel-wolmarans+Windows-Phone-7,55,1,54,0,18383,0,18383,0,0,2,0,0,0,0,0,0,0,0
gamecomponents,25,2,5,0,5159,0,5159,0,0,0,0,0,0,0,0,0,0,0
gameoflifewp,3,0,2,0,5115,0,5115,0,3,0,0,0,0,0,0,0,0,0
garifzyanovtimur+wp7---Garifzynov-toolkit,1,0,1,0,777,0,777,0,0,0,0,0,0,0,0,0,0,0
gart,11,0,6,3,14572,7240,21812,0,0,3,0,1,0,0,0,0,0,0
GaryJohnson+wpnest,6,1,1,2,3427,9440,12867,0,0,0,0,223,49,0,0,0,0,0
gasmileage,2,0,1,0,1113,0,1113,0,0,0,0,0,0,0,0,0,0,0
gatm50+PopCornOne-Mobile,6,4,2,0,1098,0,1098,0,0,0,0,0,0,0,0,0,0,0
gauravkhanna+polynomial-x,1,0,1,0,653,0,653,0,0,0,0,0,0,0,0,0,0,0
geckofawkes+bitdozer,6,0,2,0,36623,0,36623,0,2,0,0,0,0,0,2,0,0,0
geedelur+wpfc,1,0,1,0,1086,0,1086,0,0,0,0,0,0,0,0,0,0,0
GeekGoutham+Electronica,1,0,1,0,3721,0,3721,0,0,0,0,0,0,0,0,0,0,0
george674834080+ImageLib4WP,36,0,16,0,23433,0,23433,0,0,4,0,0,0,0,3,0,0,0
gep13+VBForums-Viewer,8,0,8,0,6554,0,6554,0,1,2,13,7,7,0,0,0,0,0
getadrotator,9,0,2,2,1583,1704,3287,0,0,0,0,2,1,0,0,0,0,0
giggio+multassociais-windowsapps,4,0,0,1,0,1546,1546,0,0,0,0,8,0,0,0,0,0,0
ginkage+EJLookup-WindowsPhone,1,0,1,0,2298,0,2298,0,0,2,0,0,0,0,0,0,2,0
Gizmoz+PhoneApp1,2,0,2,0,664,0,664,0,0,0,0,0,0,0,0,0,0,0
gjulianm+Ocell,11,0,9,2,24436,13606,38042,1,4,0,0,5,0,0,17,0,0,0
gloopeezza+Siply,2,0,0,2,0,967,967,0,0,0,0,0,0,1,0,0,0,0
gnp,1,0,0,1,0,1496,1496,0,0,1,0,3,0,0,0,0,0,0
goblinxna,68,4,12,0,52177,0,52177,0,4,3,0,0,0,3,0,0,0,0
Goeleven+Goeleven.Wp7,1,0,1,0,1817,0,1817,0,0,0,0,0,0,0,0,0,0,0
gofigure,20,1,4,0,3324,0,3324,0,0,0,0,0,0,0,0,0,0,0
googleanalyticssdk,6,0,2,2,1807,2302,4109,0,0,0,0,20,9,0,0,0,0,0
googleplusforwp7,10,0,10,0,83915,0,83915,0,3,2,0,0,0,0,2,0,0,0
googlewebapiwp,1,0,1,0,2296,0,2296,0,8,0,0,0,0,0,0,0,0,0
gosuwachu+stackoverflow-for-wp,1,0,0,1,0,1024,1024,0,0,0,0,0,0,0,0,0,0,0
gotphone,2,0,2,0,1579,0,1579,0,0,0,0,0,0,0,0,0,0,0
gpacalc,3,0,1,0,1054,0,1054,0,0,0,0,0,0,0,0,0,0,0
gplaceswp7,2,0,2,0,1014,0,1014,0,2,0,0,0,0,0,0,0,0,0
gracepig+SmartReader,3,0,3,0,6759,0,6759,0,4,0,0,0,0,0,2,0,0,0
grafixguy123+CS252_F2012_LAB6,1,0,1,0,622,0,622,0,0,0,0,0,0,0,0,0,0,0
greekwp7,1,0,1,0,1209,0,1209,0,0,0,0,0,0,0,0,0,0,0
gridview4wp7,1,0,1,0,982,0,982,0,0,0,0,0,0,0,0,0,0,0
griffinfujioka+483_VideoMessaging,2,0,1,1,1592,853,2445,0,0,1,0,0,0,0,0,0,0,0
griffinfujioka+CaffeineCalculator,1,0,1,0,1688,0,1688,0,0,0,0,0,0,0,0,0,0,0
griffinfujioka+Wish-List,1,0,1,0,1414,0,1414,0,0,1,0,0,0,0,0,0,0,0
grimorio,1,0,1,0,3693,0,3693,0,0,0,0,0,0,0,0,0,0,0
gromchen+timers,1,0,0,1,0,1040,1040,0,0,0,0,0,0,0,0,0,0,0
groovyim,2,0,2,0,7269,0,7269,0,0,4,0,0,0,0,0,0,0,0
groupchallenge,4,0,2,0,2122,0,2122,0,0,0,0,0,0,1,0,0,0,0
gsiswebservicewp7,1,0,1,0,572,0,572,0,0,1,0,0,0,0,0,0,0,0
gtasksplus,1,0,1,0,2746,0,2746,0,0,0,0,0,0,0,0,0,0,0
guidedtour,1,0,1,0,2063,0,2063,0,0,0,0,0,0,0,0,0,2,0
gustavosg+10010-MarketHelperClient,5,1,2,0,843,0,843,0,0,0,0,0,0,0,0,0,0,0
gyurisc+AcceleratedKnob,1,0,1,0,550,0,550,0,0,0,0,0,0,0,0,0,0,0
gzb1985+WP7BarcodeScannerExample,1,0,1,0,764,0,764,0,0,0,0,0,0,0,0,0,0,0
HackerChick+Glycemic-Index,1,0,1,0,895,0,895,0,0,0,0,0,0,0,0,0,0,0
HackerChick+MoveIt,1,0,1,0,1290,0,1290,0,0,0,0,0,0,0,0,0,0,0
haloreachapi,4,0,2,0,2448,0,2448,0,0,2,0,0,0,0,0,0,0,0
HamGuy+AwesomeMenuForWindowsPhone,1,0,1,0,1467,0,1467,0,0,0,0,0,0,0,0,0,0,0
hangzhoutour,1,0,1,0,559,0,559,0,0,0,0,0,0,0,0,0,0,0
hankhongyi+zxing_for_wp8,1,0,0,1,0,22608,22608,0,0,0,0,0,0,0,0,0,0,0
hap,19,0,1,0,808,0,808,0,0,4,0,0,0,0,0,0,0,0
hartez+TodotxtTouch.WindowsPhone,1,0,1,0,3989,0,3989,0,0,0,0,0,0,0,0,0,0,0
hdra+swatch7,1,0,1,0,721,0,721,0,0,0,0,0,0,0,0,0,0,0
healthvaultwp7,3,0,2,0,2915,0,2915,0,2,0,0,0,0,0,0,0,0,0
heavybomber,38,0,18,0,9280,0,9280,0,0,0,0,0,0,0,0,0,0,0
helium,31,1,4,0,30314,0,30314,0,0,0,0,0,0,0,0,0,0,0
henningms+zxing2.0-wp7,1,0,1,0,24260,0,24260,0,0,0,0,0,0,0,0,0,0,0
hernandgr+SampleCode-WindowsPhone,16,0,15,0,9060,0,9060,0,0,2,0,0,0,0,0,0,1,0
hexingcolors,1,0,1,0,540,0,540,0,0,0,0,0,0,0,0,0,0,0
hezongjian+wpapp,2,0,0,2,0,1475,1475,0,0,0,0,0,0,0,0,0,0,0
higlabo,53,0,8,0,32346,0,32346,0,4,0,0,0,0,0,0,0,0,0
holisticware+MonoVersal.AForgeNET,118,6,17,0,26536,0,26536,0,0,0,0,0,0,1,0,0,0,0
holste10+Army_of_Three,2,0,1,0,3399,0,3399,0,0,0,0,0,0,0,0,0,0,0
homoluden+Blogger,8,0,5,1,2380,567,2947,0,0,0,3,0,0,0,0,0,0,0
HorizonNet+DEMO-SimpleMvvmWp7,1,0,1,0,680,0,680,0,0,0,0,0,0,0,0,0,0,0
Horusiath+UTorri,1,0,1,0,5454,0,5454,0,4,0,0,0,0,0,0,0,0,0
howhigh,3,0,3,0,2126,0,2126,0,0,0,0,0,0,0,1,0,0,0
hromaps,1,0,1,0,645,0,645,0,0,0,0,0,0,0,0,0,0,0
htmlagilitypack,67,2,7,0,25996,0,25996,0,0,6,0,0,0,0,0,0,0,0
httpsocket,4,0,2,0,654,0,654,0,4,0,0,0,0,1,0,0,0,0
hue,1,0,0,1,0,673,673,0,0,3,0,0,0,0,0,0,0,0
huemvvm,3,0,0,1,0,1271,1271,0,0,0,6,5,0,0,0,0,0,0
hugeflowmvvm,3,0,1,0,1204,0,1204,0,0,0,0,0,0,0,0,0,0,0
Hyrulia+Revmed-Windows-Phone7.8,1,0,1,0,2093,0,2093,0,1,0,0,0,0,0,0,0,0,0
i2w,2,0,2,0,1182,0,1182,0,0,0,0,0,0,0,0,0,0,0
ianhong+windows.phone.apps,2,0,0,2,0,2384,2384,0,0,0,2,3,0,0,0,0,0,0
icewind1991+wp-news,1,0,0,1,0,2296,2296,0,0,0,8,9,0,0,0,0,0,0
icytowermobile,2,0,1,0,4812,0,4812,0,0,0,0,0,0,0,0,0,0,0
IDWMaster+3DAPI,26,0,9,0,7551,0,7551,0,0,0,0,0,0,9,0,0,0,0
iFixit+ifixit-microsoft,4,0,0,1,0,4793,4793,0,0,1,6,13,0,1,0,0,0,3
iFixit+iFixit-WP,1,0,1,0,6817,0,6817,0,1,4,0,0,0,0,0,0,2,0
igorkulman+Kulman.WP7,2,0,1,0,2326,0,2326,0,0,0,0,0,0,0,0,0,0,0
igorkulman+mff-wp7-basics,1,0,1,0,743,0,743,0,0,0,0,0,0,0,0,0,0,0
igorkulman+talk-forMobile,1,0,1,0,541,0,541,0,0,1,0,0,0,0,0,0,0,0
igorportela+Bubbles-Game,1,0,1,0,565,0,565,0,0,0,0,0,0,0,0,0,0,0
igrali+portable-exif-lib,3,0,0,1,0,564,564,0,0,0,0,0,0,0,0,0,0,0
ikecodewakeup,4,0,4,0,2236,0,2236,0,0,0,0,0,0,0,0,0,0,0
imagetools,36,0,16,0,23407,0,23407,0,0,4,0,0,0,0,2,0,0,0
ImaginationOverflow+WP7-discoveries,1,0,1,0,506,0,506,0,1,0,0,0,0,0,0,0,0,0
imidya+WindowsPhone8,1,0,0,1,0,1461,1461,3,3,0,0,0,0,0,0,0,0,0
independ,2,0,2,0,994,0,994,0,0,0,0,0,0,0,0,0,0,0
IngageNetworks+GhostWriter,2,0,2,0,1308,0,1308,0,0,0,0,0,0,0,0,0,0,0
Injac+InstaSharp-for-Windows-Phone-,2,0,2,0,1830,0,1830,0,1,2,0,0,0,0,0,0,0,0
Injac+WindowsPhone8MVVM,7,0,0,3,0,4576,4576,0,0,0,0,0,0,0,0,0,0,15
ioc,40,27,2,0,3533,0,3533,0,0,0,0,0,0,0,1,0,0,0
ioprev+Apergies,2,0,2,0,2150,0,2150,0,0,0,0,0,0,0,0,0,0,0
IowaCodeCamp+WindowsPhone,3,0,3,0,1278,0,1278,0,1,1,0,0,0,0,0,0,0,0
ireynolds+Weather,1,0,0,1,0,2109,2109,3,3,0,0,0,0,0,0,0,2,0
ironcow,7,1,1,0,9994,0,9994,0,1,0,0,0,0,0,2,0,0,0
isaacOjeda+Tareas,9,0,0,7,0,4529,4529,2,2,1,0,4,0,0,0,0,0,0
itextsharpsl,5,0,2,0,290465,0,290465,0,3,0,0,0,0,0,1,0,0,0
ituyemekhane,2,0,1,0,743,0,743,0,0,0,0,0,0,0,0,0,0,0
IvanSostarko+ZETsms,1,0,1,0,904,0,904,0,0,1,0,0,0,0,0,0,0,0
JabX+centralenote-wp,3,0,0,1,0,1939,1939,0,0,0,0,0,0,0,0,0,0,0
jacalata+DeliciousWP,1,0,0,1,0,1111,1111,0,0,0,0,0,0,0,1,0,0,0
jackbrennan+network-info,1,0,0,1,0,647,647,0,0,1,0,2,0,0,0,0,0,0
jagdeveloper+WP8,2,0,0,2,0,1601,1601,0,0,1,0,0,0,0,0,0,0,0
JakeLin+glossary,1,0,1,0,1121,0,1121,0,0,0,0,0,0,0,0,0,0,0
jamesma+subway-finder,1,0,1,0,1122,0,1122,0,0,0,0,0,0,0,0,0,0,0
jamesseanwright+appfog-wp7,1,0,1,0,1359,0,1359,0,0,0,1,5,5,0,0,0,0,0
JamesSkemp+MyVideoGameTrackerWP7,1,0,1,0,1354,0,1354,0,0,0,0,0,0,0,0,0,0,0
jankratochvilcz+DoesItStillAir,1,0,0,1,0,1097,1097,0,0,0,0,3,0,0,0,0,0,0
japf+wp-animatedtextblock,1,0,0,1,0,775,775,0,0,0,0,0,0,0,0,0,0,0
jarvisji+kanboxwp,1,0,0,1,0,2184,2184,0,0,3,9,24,0,0,0,0,0,0
jasonkuster+MetroLooper,1,0,0,1,0,5659,5659,0,0,0,0,4,0,0,0,0,0,0
jasonlamkk+OpenUDID.Net,4,0,2,0,837,0,837,0,0,0,0,0,0,0,0,0,0,0
jasonwptools,2,0,2,0,1876,0,1876,0,0,0,0,0,0,0,0,0,0,0
jaydeep17+TheReader7,1,0,1,0,1360,0,1360,0,0,0,0,0,0,0,0,0,0,0
jbruchanov+MyPlaces.WindowsPhone,2,0,2,0,4287,0,4287,0,10,1,0,0,0,0,0,0,0,0
jefflinse+PocketUPnP,3,1,0,1,0,567,567,0,0,0,0,0,0,0,0,0,0,0
jeffstephens+wp7_whewcirc,1,0,1,0,1162,0,1162,0,0,0,0,0,0,0,0,0,0,0
jeffwilcox+4thandmayor,16,0,16,0,60732,0,60732,0,5,8,0,0,0,1,0,0,0,0
jeffwilcox+4thandmayor-resources,1,0,0,1,0,912,912,0,0,0,0,0,0,0,0,0,0,0
jeffwilcox+wp-maps,2,0,2,0,2447,0,2447,0,0,0,0,0,0,0,0,0,0,0
jeffwilcox+wp-thememanager,1,0,1,0,804,0,804,0,0,0,0,0,0,0,0,0,0,0
Jehran+TurboBooks,1,0,0,1,0,1216,1216,0,0,0,0,0,0,0,0,0,0,0
jellophone,3,0,3,0,8412,0,8412,0,0,0,0,0,0,0,0,0,0,0
jeremejevs+milk-manager,3,0,1,2,32700,35110,67810,0,0,1,0,0,0,0,0,0,0,0
jeremejevs+word-steps,5,0,3,0,27049,0,27049,0,0,0,0,0,0,0,0,0,0,0
jerrelblankenship+StirTrekWP,2,0,2,0,1380,0,1380,0,0,2,0,0,0,0,0,0,0,0
Jesse-Michael+Phone-Buddy-WindowsPhone,1,0,1,0,2863,0,2863,0,0,0,0,0,0,0,0,0,0,0
jevgenidotnet+WPPerfLab,4,0,0,4,0,3306,3306,0,0,0,0,0,0,1,0,0,0,0
jevgenidotnet+WPSamples,7,0,0,7,0,6788,6788,0,0,2,0,0,0,0,0,0,0,0
jhalbrecht+TouchFrameEvent,1,0,1,0,821,0,821,0,0,0,0,0,0,0,0,0,0,0
jhalbrecht+Walker-Wp8,4,0,0,3,0,3958,3958,0,0,0,3,10,0,0,0,0,0,0
jhalbrecht+WindowsPhone8i-Racer,1,0,0,1,0,1171,1171,0,0,0,0,6,0,0,0,0,0,0
jhdevs+WP_XNA_Galaxxy,2,0,1,0,799,0,799,0,0,0,0,0,0,0,0,0,0,0
jhdevs+WP_XNA_Tictac,1,0,1,0,523,0,523,0,0,0,0,0,0,0,0,0,0,0
jhmvvm,1,0,1,0,1280,0,1280,0,0,0,0,0,0,0,0,0,0,0
jkauppinen+ActivityTracker,1,0,0,1,0,2570,2570,0,0,0,0,0,0,0,0,0,0,0
jkennedyGUI+charactersheet,1,0,1,0,744,0,744,0,0,0,0,0,0,0,0,0,0,0
jlchapa+DrinkItUpWP,1,0,0,1,0,2078,2078,7,7,0,0,2,0,0,0,0,0,0
JMayrbaeurl+AbfallkalenderBisamberg,1,0,1,0,1874,0,1874,0,0,0,0,0,0,0,0,0,0,0
jmoubry+mindsweep,1,0,1,0,4852,0,4852,0,0,2,0,0,0,0,0,0,2,0
jmrenner+WireTap,1,0,0,1,0,998,998,0,0,1,0,0,0,0,0,0,0,0
jNery+aggregate_hotspots_wp8,1,0,0,1,0,1344,1344,0,0,0,0,0,0,0,0,0,0,0
jNery+editing_workflow_wp8,1,0,0,1,0,934,934,0,0,0,0,0,0,0,0,0,0,0
jNery+geocode_and_routing_wp8,1,0,0,1,0,1114,1114,0,0,0,0,0,0,0,0,0,0,0
jNery+geoenrichment_wp8,1,0,0,1,0,1346,1346,0,0,1,0,0,0,0,0,0,0,0
jNery+route_buffer_query_intersect_wp8,1,0,0,1,0,813,813,0,0,0,0,0,0,0,0,0,0,0
joanromano+O-Valiant-Hearts,1,0,1,0,12698,0,12698,0,3,2,0,0,0,0,2,0,0,0
JochenJankowai+WP7-app-and-server,2,0,1,0,2933,0,2933,0,0,0,0,0,0,0,0,0,0,0
JoelJay+TuguoRingtoneTrim,2,0,2,0,1034,0,1034,0,0,0,0,0,0,0,0,0,0,0
joelmartinez+Jint.Phone,3,0,3,0,52167,0,52167,0,0,0,0,0,0,0,0,0,0,0
joelmartinez+Khan-Academy-for-Windows-Phone,2,1,1,0,2579,0,2579,0,1,0,0,1,1,0,0,0,0,0
johnatandante+DoUtDes,10,0,6,0,2401,0,2401,0,0,0,0,0,0,0,0,0,0,0
johnatandante+PaintItAll,3,0,3,0,1265,0,1265,0,0,0,0,0,0,0,0,0,0,0
johnnyman727+Wavelength,1,0,1,0,1087,0,1087,0,0,3,0,0,0,0,0,0,0,0
JonathanMcCaffrey+tank-gauntlet,6,2,2,0,2790,0,2790,0,0,0,0,0,0,0,0,0,0,0
jonathan-w+SAD-APP,1,0,1,0,1271,0,1271,0,0,3,0,0,0,0,0,0,0,0
JonJam+unitology_translator,1,0,1,0,916,0,916,0,0,0,0,0,0,0,0,0,0,0
jonwendt+Voice-Changer-WP7,1,0,1,0,1065,0,1065,0,0,0,0,0,0,1,0,0,0,0
JordonPhillips+MagicM8,2,0,0,1,0,911,911,0,0,0,0,0,0,0,0,0,0,0
jorimann+WindowsPhone,1,0,1,0,1509,0,1509,0,0,0,0,0,0,0,0,0,0,0
JosephDaly+GameHackDays2013,1,0,1,0,1581,0,1581,0,0,0,0,0,0,0,0,0,0,0
joshmachol+coupon-calc,1,0,0,1,0,2147,2147,0,0,0,0,0,0,0,0,0,0,0
joshtwist+Votabl,2,0,0,1,0,1069,1069,0,0,0,0,9,0,0,0,0,0,0
jpoon+WeightWatch,1,0,1,0,3501,0,3501,0,2,0,0,0,0,1,0,0,0,0
jsandip57+PinUrRss,2,0,2,0,1989,0,1989,0,5,0,0,0,0,0,0,0,0,0
json,10,0,2,0,65650,0,65650,0,0,0,0,0,0,0,0,0,0,0
jsonrpc2,9,0,2,0,622,0,622,0,2,0,0,0,0,0,0,0,0,0
k10world+ControlPointForWindowsPhone,1,0,1,0,2653,0,2653,0,4,0,0,0,0,0,0,0,0,0
kaki104,1,0,1,0,2132,0,2132,0,0,0,0,0,0,0,0,0,0,0
kaku,1,0,1,0,559,0,559,0,0,0,0,0,0,0,0,0,0,0
karanthaker+Windows-Phone-App---Qik-MPG,1,0,1,0,1784,0,1784,0,0,0,0,0,0,0,0,0,0,0
karanthaker+Windows-Phone-App---Qik-Tip,1,0,1,0,693,0,693,0,0,0,0,0,0,0,0,0,0,0
karanthaker+Windows-Phone-App---RSS-Reader,1,0,1,0,2186,0,2186,0,0,2,0,0,0,0,0,0,0,0
karanthaker+Windows-Phone-App---Tetris-Game,1,0,1,0,1628,0,1628,0,0,0,0,0,0,0,0,0,0,0
karanthaker+Windows-Phone-App---TU-News,1,0,1,0,2186,0,2186,0,0,2,0,0,0,0,0,0,0,0
KarinoTaro+PullAndReleaseTest,1,0,1,0,1223,0,1223,0,0,0,0,0,0,0,0,0,0,0
karlseguin+parse-dotnet,3,0,1,0,1614,0,1614,0,3,0,0,0,0,0,0,0,0,0
KarolUrb+WindowsPhoneProjects,2,0,2,0,3221,0,3221,0,0,0,0,0,0,0,0,0,0,0
kazuakix+CountdownTile,3,0,3,0,2827,0,2827,0,0,1,0,0,0,0,0,0,0,0
kazuakix+JpEncoding,1,0,1,0,24256,0,24256,0,0,0,0,0,0,0,0,0,0,0
kazuakix+Lottery,1,0,1,0,1928,0,1928,0,5,0,0,0,0,0,0,0,0,0
kazuakix+ShuchuSen,1,0,1,0,1108,0,1108,0,0,0,0,0,0,0,0,0,0,0
Kelin-Hong+JobHub_WP,3,0,3,0,11097,0,11097,0,5,0,0,0,0,0,0,0,0,0
kenstone+MySuperTile,1,0,1,0,538,0,538,0,0,0,0,0,0,0,0,0,0,0
Kermo+Win7Phone,4,0,2,0,5464,0,5464,0,0,0,0,0,0,2,0,0,0,0
kev148+WPDraughts,5,0,1,0,1799,0,1799,0,0,0,0,0,0,0,0,0,0,0
khanviewer,2,1,1,0,1977,0,1977,0,1,0,0,0,0,0,0,0,0,0
kidozen+kido-win,4,0,0,2,0,4833,4833,0,0,3,14,120,0,0,0,0,0,4
Kieranties+Ias-Wp-Ashtag,1,0,0,1,0,782,782,0,0,0,0,0,0,0,0,0,0,0
kigen+Ushahidi_WindowsPhone,2,0,2,0,3287,0,3287,0,0,0,0,0,0,0,0,0,0,0
kiminozo+BgmOnWp,4,0,3,0,7437,0,7437,0,4,0,0,0,0,0,1,0,0,0
kiminozo+MoeFM,4,0,4,0,1445,0,1445,0,3,0,0,0,0,0,0,0,0,0
kindofmagic,12,6,1,0,541,0,541,0,0,0,0,0,0,0,0,0,0,0
kinectophone,5,0,2,0,1370,0,1370,0,0,2,0,0,0,0,0,0,0,0
kinectservice,10,0,3,0,1370,0,1370,0,0,6,0,0,0,0,0,0,0,0
Kinnara+WPToolkit,5,0,2,3,50541,56020,106561,0,0,1,0,18,5,0,0,0,0,0
kiratheone+Mocoo,1,0,1,0,1018,0,1018,0,0,0,0,0,0,0,0,0,0,0
kiva7,8,0,4,0,50454,0,50454,0,6,12,0,0,0,0,6,0,0,0
knihotoc,4,0,1,1,333,4426,4759,0,0,0,0,0,0,0,0,0,0,0
kolphi+DonkeyKong,18,0,4,0,7050,0,7050,0,0,0,0,0,0,0,0,0,0,0
konstantin-komelin+catchsmile-wp7,3,0,3,0,2539,0,2539,0,0,3,0,0,0,0,0,0,0,0
krempelwp7,2,0,2,0,5697,0,5697,0,0,0,0,0,0,0,0,0,0,0
krolth+RetroPixels,3,0,1,0,3595,0,3595,0,0,0,0,0,0,0,0,0,0,0
kshark27+ZuPix,1,0,1,0,6139,0,6139,0,0,0,0,0,0,0,2,0,0,0
kvervo+Window-Phone-Automatic-Theme-Handler,4,0,2,2,495,732,1227,0,0,0,0,0,0,0,0,0,0,0
labs,47,28,5,0,31387,0,31387,0,0,4,0,17,17,0,6,0,0,0
lanceseidman+Arduino-Bluetooth-WinPhone8,1,0,0,1,0,765,765,0,0,0,0,3,0,0,0,0,0,0
lanceseidman+iRacer_MotionControl,1,0,0,1,0,931,931,0,0,0,0,3,0,0,0,0,0,0
larryk78+CC-CEDICT.WindowsPhone,2,0,2,0,1915,0,1915,0,0,0,0,0,0,0,0,0,0,0
larryk78+Kuaishuo.WindowsPhone,1,0,1,0,2891,0,2891,0,0,1,0,0,0,0,0,0,0,0
larryk78+SevenZip.Compression.LZMA.WindowsPhone,3,0,2,0,4220,0,4220,0,0,5,0,0,0,0,0,0,1,0
lastfmclientforwp7,5,0,3,0,622,0,622,0,0,0,0,0,0,0,0,0,0,0
latestchattywp7,1,0,1,0,6682,0,6682,0,10,0,0,0,0,0,0,0,1,0
Laumania+WindowsFan.dk-app,5,0,5,0,8270,0,8270,0,7,0,0,0,0,0,6,0,0,0
lbilondon+notenote,1,0,1,0,889,0,889,0,0,0,0,0,0,0,0,0,0,0
ldkge+Find-the-Number,3,0,1,0,818,0,818,0,0,2,0,0,0,0,0,0,0,0
ledlie+simperium-windows-phone-lib,1,0,1,0,1051,0,1051,0,0,8,0,0,0,0,0,0,0,0
ledlie+simperium-windows-phone-lib-driver,1,0,1,0,1547,0,1547,0,0,0,0,0,0,0,0,0,0,0
Lee-Nover+PublicBikes,1,0,1,0,10179,0,10179,0,1,0,0,0,0,0,0,0,0,0
Leester337+UDJ_Windows_Phone_App,1,0,1,0,4780,0,4780,0,0,0,0,0,0,1,0,0,0,0
leuphana,1,0,1,0,4804,0,4804,0,0,0,0,0,0,0,0,0,2,0
leyteris+laiwang-for-wp7-poc,3,0,3,0,11043,0,11043,0,5,4,0,0,0,0,0,0,0,0
lhchavez+gtalkchat,1,0,1,0,8058,0,8058,0,10,0,0,0,0,0,1,0,2,0
liangyu+WindowsPhoneApps,2,0,0,2,0,1475,1475,0,0,0,0,0,0,0,0,0,0,0
lidermanrony+PodCast,1,0,0,1,0,1199,1199,0,0,1,0,3,0,0,0,0,0,0
lingo,1,0,0,1,0,1033,1033,0,0,0,0,0,0,0,0,0,0,0
linqtotwitter,11,0,1,0,44592,0,44592,0,22,0,0,0,0,0,3,0,0,0
lintghi+puzzle,1,0,1,0,1774,0,1774,0,0,0,0,0,0,0,0,0,0,0
linzhengcode+WindowsPhone8,64,0,0,64,0,40913,40913,2,2,5,14,57,0,1,1,0,0,0
liphofra,4,0,0,4,0,5053,5053,0,0,0,0,0,0,0,0,0,0,0
listboxwthcheckboxes,2,0,2,0,714,0,714,0,0,0,0,0,0,0,0,0,0,0
livemsn,1,0,1,0,759,0,759,0,0,0,0,0,0,0,0,0,0,0
lmaslanka+PasswordBuddy,2,0,2,0,567,0,567,0,0,0,0,0,0,0,0,0,0,0
localizationlibrary,20,0,3,0,11858,0,11858,0,0,0,0,0,0,2,0,0,2,0
lockscreen,4,0,0,3,0,1201,1201,0,0,0,3,8,0,0,0,0,0,0
lod,9,0,2,0,1932,0,1932,0,0,1,0,0,0,0,0,0,0,0
lomoussw+BeRider,1,0,1,0,8089,0,8089,0,2,3,0,0,0,0,0,0,2,0
lubushyn+mddayua2012,6,0,2,0,1009,0,1009,0,0,0,0,0,0,0,0,0,0,0
lucaswerkmeister+wp_geohashing,5,0,0,4,0,3348,3348,1,1,0,1,20,0,2,0,0,0,0
lukesarnacki+fooder-wp-client,1,0,1,0,1685,0,1685,0,2,0,0,0,0,0,0,0,0,0
lxmxhh+WP_PivotApp1,1,0,1,0,548,0,548,0,0,0,0,0,0,0,0,0,0,0
lzsun+SleepFixer,1,0,0,1,0,3739,3739,0,0,0,0,0,0,0,0,0,0,0
m0rg0t+Godville-Simple-Monitor,1,0,1,0,599,0,599,0,0,2,0,0,0,0,0,0,0,0
M4GiK+SeizeTheDay_WindowsPhoneApplication,1,0,1,0,3586,0,3586,0,0,3,0,0,0,0,0,0,0,0
macsonuclari,1,0,1,0,2639,0,2639,0,0,1,0,0,0,0,0,0,0,0
madsum+SkyPhoto_WP7.5,1,0,1,0,2044,0,2044,0,1,1,0,0,0,0,0,0,0,0
madsum+SkyPhoto_WP8,1,0,0,1,0,1641,1641,0,0,0,0,9,0,0,0,0,0,0
makehimanoffer+ChopCommSevenWindowsPhoneGame,2,0,1,0,6259,0,6259,0,0,0,0,0,0,0,0,0,0,0
manascoding+BarcodeScannerAndInventoryTracker,1,0,1,0,1663,0,1663,0,1,0,0,0,0,0,0,0,0,0
mangopollo,3,0,3,0,1933,0,1933,0,0,0,0,0,0,0,0,0,0,0
mangu+Windows-Phone-Starter-Kit-for-Podcasts,4,0,4,0,2209,0,2209,0,0,3,0,0,0,0,0,0,0,0
manojattal+WindowsPhone7Apps,8,0,8,0,7289,0,7289,0,0,8,0,0,0,0,0,0,0,0
marcin-owoc+TouristGuide,1,0,1,0,5708,0,5708,0,2,9,0,0,0,0,0,0,0,0
marciodrosa+DoctorWhoEpisodeGuide,1,0,1,0,1165,0,1165,0,0,0,0,0,0,0,0,0,0,0
markbar+Binary,1,0,1,0,1668,0,1668,0,0,0,0,0,0,4,0,0,0,0
markustenghamn+EggRoll,2,0,1,0,4877,0,4877,0,7,0,0,0,0,0,0,0,0,0
marteaga+CodeSharing,4,0,1,1,468,696,1164,0,0,0,0,0,0,0,0,0,0,0
marteaga+xboxreveal,1,0,0,1,0,747,747,0,0,0,0,0,0,0,0,0,0,0
martin55+WindowsPhoneGame3,5,0,4,0,74456,0,74456,0,0,0,0,0,0,0,0,0,0,0
maskaravivek+Phoenix1,1,0,1,0,1532,0,1532,0,0,2,0,0,0,0,0,0,0,0
mathiasrabe+PartSearch,1,0,1,0,1122,0,1122,0,0,0,0,0,0,0,0,0,0,0
matshofman+7Timer-Astro-Weather-Windows-Phone-App,1,0,1,0,1553,0,1553,0,0,1,0,0,0,0,0,0,0,0
matthewmichihara+mathdash-windowsphone,1,0,1,0,1608,0,1608,0,4,0,0,0,0,0,0,0,0,0
matthiasxc+WinPhone_C-_Tutorials,1,0,1,0,654,0,654,0,0,0,0,0,0,0,0,0,0,0
matthiasxc+WinPhone-AzureTranslation,1,0,1,0,667,0,667,0,3,0,0,0,0,0,0,0,0,0
matthidinger+Build2013RealWorldStocks,3,0,0,1,0,909,909,0,0,0,0,6,0,0,0,0,0,0
mattix+mpdcwp,4,0,4,0,4026,0,4026,0,0,7,0,0,0,0,0,0,0,0
mattleibow+Mono.Data.Sqlite,22,0,5,5,25367,40483,65850,15,30,0,0,0,0,0,0,0,0,0
mauriciolobo+TrucoParaWP7,2,0,1,0,1062,0,1062,0,0,0,0,0,0,0,0,0,0,0
mbmccormick+Authenticator,1,0,1,0,1139,0,1139,0,0,0,0,0,0,0,0,0,0,0
mbmccormick+HackerNews,2,0,0,2,0,2383,2383,4,4,0,0,0,0,0,0,0,0,0
mbmccormick+WhereFi,1,0,1,0,1032,0,1032,0,0,0,0,0,0,0,0,0,0,0
mcaravajal+TwitterTrendsTraining,1,0,1,0,5130,0,5130,0,7,0,0,0,0,0,0,0,0,0
mcoulter785+Stack-WP7,1,0,1,0,1916,0,1916,0,0,2,0,0,0,0,0,0,0,0
megaphone4winphone,1,0,1,0,3253,0,3253,0,0,2,0,0,0,0,0,0,0,0
megapuzzlewp7,2,0,1,0,1115,0,1115,0,0,0,0,0,0,0,0,0,0,0
meizhitu+lumia710,6,0,6,0,8654,0,8654,0,1,0,0,0,0,0,0,0,0,0
mendeleywpclient,1,0,1,0,3197,0,3197,0,0,0,0,0,0,0,0,0,0,0
mertkavi+TorrentFinderForWP,1,0,1,0,590,0,590,0,0,0,0,0,0,0,0,0,0,0
messagemaster,1,0,1,0,710,0,710,0,0,0,0,0,0,0,0,0,0,0
meteofvg,1,0,0,1,0,2208,2208,0,0,0,2,6,0,0,0,0,0,0
metroeeg,2,0,0,2,0,2677,2677,0,0,0,0,6,0,0,0,0,0,0
metroeventtocommand,4,0,0,2,0,1161,1161,0,0,0,0,0,0,0,0,0,0,0
metropandora,2,0,2,0,4377,0,4377,0,3,0,0,0,0,0,0,0,0,0
mfindlater+sd,3,0,2,0,7732,0,7732,0,0,0,0,0,0,0,0,0,0,0
mhommer+windows-phone-8-test,1,0,0,1,0,567,567,0,0,0,0,0,0,0,0,0,0,0
mhwpa,1,0,1,0,962,0,962,0,0,2,0,0,0,0,0,0,0,0
michelsalib+Gi7,2,0,2,0,7207,0,7207,0,0,0,0,0,0,0,0,0,0,0
micinemard,5,0,1,0,2693,0,2693,0,0,4,0,4,4,0,0,0,0,0
Microsoft-Interop+AWS-SDK-for-WP,8,0,8,0,35154,0,35154,0,7,0,0,0,0,0,0,0,0,0
miguelangelgonzalez+wp-nicalert,1,0,1,0,2755,0,2755,0,0,1,0,0,0,0,0,0,0,0
miguelrochefort+Combinator,1,0,1,0,1831,0,1831,0,0,0,0,0,0,0,0,0,0,0
miguelrochefort+Tilemark,1,0,1,0,985,0,985,0,0,0,0,0,0,0,0,0,0,0
MikE87+currency-calc-phone,1,0,1,0,869,0,869,0,0,1,0,0,0,0,0,0,0,0
MikE87+dynamics-phone,2,0,1,0,2268,0,2268,0,0,0,0,0,0,0,0,0,0,0
MikE87+notepad-phone,2,0,1,0,1462,0,1462,0,0,0,0,0,0,0,0,0,0,0
mikecousins+railbaron,3,0,1,0,1058,0,1058,0,0,0,0,0,0,0,0,0,0,0
mikecousins+rollcounter,3,0,1,0,913,0,913,0,0,0,0,0,0,0,0,0,0,0
mikezhuyuan+wp7-minesweeper,1,0,1,0,698,0,698,0,0,0,0,0,0,0,0,0,0,0
mikkoviitala+battlelogmobile,3,0,3,0,5022,0,5022,0,0,2,4,3,3,0,0,0,0,2
mikoskinen+Caliburn.Micro.WP71.Recipes.ExternalModules,4,0,4,0,1134,0,1134,0,0,0,0,0,0,0,0,0,0,0
mikoskinen+marketwatcher,2,0,2,0,544,0,544,0,0,0,0,0,0,0,0,0,0,0
mikoskinen+socketex,5,0,5,0,162405,0,162405,0,2,5,0,0,0,0,1,0,0,0
miladkdz+Khayyam,2,0,1,0,584,0,584,0,0,0,0,0,0,0,0,0,0,0
millionaire,7,0,3,0,7812,0,7812,0,0,0,0,0,0,0,0,0,0,0
milworms,5,0,2,0,18545,0,18545,0,0,0,0,0,0,0,0,0,0,0
MirageMK+RMWindowsPhone8,1,0,0,1,0,1269,1269,0,0,1,0,1,0,0,0,0,0,0
mixmodessynergy,8,0,1,0,3483,0,3483,0,0,0,0,0,0,0,0,0,0,0
mjpeg,21,0,3,2,840,945,1785,1,2,0,0,0,0,0,0,0,0,0
MKSofttX+MkSofttXRepo,2,0,0,1,0,1131,1131,0,0,0,0,3,0,0,0,0,0,0
mmotel+WindowsPhoneApp,1,0,1,0,2481,0,2481,0,0,0,0,0,0,0,0,0,0,0
moads,3,1,2,0,2409,0,2409,0,0,4,0,0,0,0,0,0,0,0
mobeelizer+wp7-api-demos,1,0,1,0,7636,0,7636,0,1,0,0,0,0,0,0,0,0,0
mobeelizer+wp7-sdk,2,0,2,0,8408,0,8408,0,3,0,0,0,0,9,0,0,0,0
mobileacs,21,9,4,3,3746,1442,5188,0,0,3,4,8,4,1,1,0,0,0
mobilesyndication,5,2,2,0,1567,0,1567,0,0,2,0,0,0,0,0,0,0,0
mobilviwp7,1,0,1,0,572,0,572,0,3,0,0,0,0,0,0,0,0,0
mobsoulwphonetoolkit,1,0,1,0,607,0,607,0,0,0,0,0,0,0,0,0,0,0
mogade+mogade-examples-windowsphone,1,0,1,0,902,0,902,0,0,0,0,0,0,0,0,0,0,0
mogade+mogade-windowsphone,1,0,1,0,664,0,664,0,0,0,0,0,0,0,0,0,0,0
MogomotsiM+WPAESMS,1,0,1,0,548,0,548,0,0,0,0,0,0,0,0,0,0,0
moqalate,6,0,4,0,1479,0,1479,0,0,0,0,0,0,0,0,0,0,0
moritzmars+WindowsPhone_8_Congress,3,0,0,2,0,2619,2619,0,0,0,0,0,0,0,0,0,0,0
mostafa-elabady+TwoColumnsListBoxWP8,1,0,0,1,0,682,682,0,0,0,0,0,0,0,0,0,0,0
mp3tuneslocker,10,0,7,0,23310,0,23310,0,4,4,0,0,0,0,0,0,0,0
mpc2145+Slime-Volleyball,3,0,1,1,1739,1656,3395,0,0,8,0,0,0,0,0,0,0,0
mpe,34,0,4,0,15052,0,15052,0,0,0,0,0,0,0,0,0,0,0
mravinale+SoapRiaService,2,0,1,0,595,0,595,0,0,0,0,0,0,0,0,0,0,0
mrichhub+Marta-Tracker-WindowsPhone8,1,0,0,1,0,1146,1146,0,0,0,0,2,0,0,0,0,0,3
mrlacey+wp8demos,20,0,1,17,358,10950,11308,0,0,0,0,6,0,0,0,0,0,0
mrlacey+WPMisc,1,0,0,1,0,1120,1120,0,0,0,0,0,0,0,0,0,0,0
msaf,112,0,20,0,38697,0,38697,0,10,6,0,0,0,0,0,0,0,0
msappfactory,7,0,1,1,7900,7924,15824,1,2,0,0,0,0,0,10,0,0,0
msdubov+Planets,3,0,3,0,5005,0,5005,0,0,0,0,0,0,0,0,0,0,0
msptoolkit,2,0,2,0,12822,0,12822,0,0,0,0,0,0,0,2,0,0,0
mtconnect,10,3,2,0,4946,0,4946,0,0,0,0,0,0,1,3,0,0,0
muf,7,0,1,0,922,0,922,0,0,0,0,0,0,0,0,0,0,0
mugeninjection,65,0,5,5,45906,46754,92660,0,0,0,0,0,0,0,2,0,0,0
mugenmvvmtoolkit,47,0,6,6,35960,35420,71380,0,0,0,4,0,0,0,2,0,0,0
multiply7,2,0,1,0,790,0,790,0,0,0,0,0,0,0,0,0,0,0
multitouch,14,0,6,2,7493,2668,10161,0,0,0,0,0,0,0,0,0,0,0
musatov+DynamicOrientationChanges,4,0,4,0,1415,0,1415,0,0,0,0,0,0,0,0,0,0,0
mushroompicker,2,0,2,0,3276,0,3276,0,0,0,0,0,0,0,0,0,0,0
musicalarm7,3,0,3,0,2009,0,2009,0,0,0,0,0,0,0,0,0,0,0
mustang2009cobra+UnitConverter,1,0,1,0,936,0,936,0,0,0,0,0,0,0,0,0,0,0
mvbuddy,6,3,3,0,1388,0,1388,0,3,0,0,0,0,0,0,0,0,0
mycompany,2,0,2,0,878,0,878,0,0,1,0,0,0,0,0,0,0,0
mymeetup,1,0,1,0,9360,0,9360,0,0,2,0,0,0,0,0,0,0,0
mynerddinnerwp7,1,0,1,0,1841,0,1841,0,0,0,0,0,0,0,0,0,0,0
mysocialhub,6,0,1,0,10896,0,10896,0,3,0,0,0,0,2,0,0,0,0
mystore,7,0,6,0,10240,0,10240,0,13,0,0,0,0,0,13,0,1,0
mytoolkit,20,0,7,2,72949,24020,96969,4,16,8,3,31,21,0,16,0,0,4
Mytroshyn+WP7_Camera,1,0,1,0,896,0,896,0,0,0,0,0,0,0,0,0,0,0
mywp7brand,1,0,1,0,1331,0,1331,0,1,0,0,0,0,0,0,0,0,0
napi,6,0,3,1,1688,618,2306,0,0,1,0,0,0,2,0,0,0,0
nbio+domainr-windows-phone,1,0,1,0,1389,0,1389,0,0,2,0,0,0,0,0,0,0,0
ndef,2,0,0,1,0,1297,1297,0,0,0,0,0,0,0,0,0,0,0
neolog,1,0,1,0,5485,0,5485,0,0,3,0,0,0,0,0,0,1,0
nesemu7,1,0,1,0,6592,0,6592,0,0,0,0,0,0,0,0,0,0,0
Nessphoro+CosmosCombat,3,0,1,0,2005,0,2005,0,0,0,0,0,0,0,0,0,0,0
neuegram+WP7-Meetup-Group-JSON-API-With-JSON.NET,1,0,1,0,827,0,827,0,0,4,0,0,0,0,0,0,0,0
neuegram+WP8-Meetup-Group-JSON-API-With-JSON.NET,1,0,0,1,0,962,962,0,0,4,0,0,0,0,0,0,0,0
neurons,1,0,1,0,6593,0,6593,0,3,0,0,0,0,2,0,0,0,0
news,1,0,1,0,917,0,917,0,0,0,0,0,0,0,0,0,0,0
newsreader,1,0,1,0,1406,0,1406,0,0,3,0,0,0,0,0,0,0,0
newton073026+Helloworld,1,0,0,1,0,688,688,0,0,0,0,0,0,0,0,0,0,0
nexuscamera,1,0,1,0,1069,0,1069,0,0,0,0,0,0,0,0,0,0,0
nforss+SujutWP8,2,0,0,1,0,1477,1477,0,0,3,0,0,0,0,0,0,0,0
nganthony+Ninja-Dash,2,0,1,0,6623,0,6623,0,0,0,0,0,0,0,0,0,0,0
nganthony+Space-Catch,2,0,2,0,9686,0,9686,0,0,0,0,0,0,0,0,0,0,0
nhlapp,1,0,1,0,757,0,757,0,0,0,0,0,0,0,0,0,0,0
nickhodge+SimpleRedditBrowserWP8W8PCL,3,1,0,1,0,677,677,0,0,0,0,0,0,0,0,0,0,0
nicolas-obre+HubNews,1,0,1,0,1573,0,1573,0,0,3,0,0,0,0,0,0,0,0
nielsschroyen+RssReader,1,0,1,0,1981,0,1981,0,0,2,0,0,0,0,0,0,0,0
nil1511+Dude-Where-to-go,1,0,1,0,2846,0,2846,0,5,0,0,0,0,0,0,0,0,0
nilayk+Perimeter,1,0,0,1,0,567,567,0,0,0,0,0,0,0,0,0,0,0
NLADP+AD2WP7,2,0,2,0,1302,0,1302,0,3,0,0,0,0,0,0,0,0,0
nohorse+APOD-Metro-Phone,1,0,1,0,1125,0,1125,0,0,2,0,0,0,0,0,0,0,0
nokiadatagathering+WP7-Official,12,0,12,0,48210,0,48210,0,7,0,0,0,0,0,0,0,3,0
nokiadevdays,3,0,3,0,2768,0,2768,0,0,0,0,0,0,0,0,0,0,0
nokiaeducationdelivery+ned-mobile-client-for-WP,1,0,1,0,14323,0,14323,0,0,0,0,0,0,0,0,0,1,0
nokia-entertainment+Shuffler.fm,1,0,0,1,0,1909,1909,0,0,1,1,2,0,0,0,0,0,0
nokia-entertainment+wp-api-client,9,0,2,3,9858,10958,20816,2,4,0,1,2,0,0,0,0,0,0
nopcontrols,5,0,2,0,2056,0,2056,0,0,0,0,0,0,0,0,0,0,0
northernlights,8,0,8,0,4791,0,4791,0,3,0,0,0,0,0,0,0,2,0
notegarden,1,0,0,1,0,1840,1840,0,0,0,0,0,0,0,0,0,0,0
nothingmn+WindowsPhone.Common,13,0,0,13,0,11999,11999,3,3,0,0,2,0,2,0,0,0,15
noxo+bluetoothchat-wp8-winrt,2,0,0,1,0,1081,1081,0,0,0,0,4,0,0,0,0,0,0
npatta01+Code777,1,0,1,0,4522,0,4522,0,0,0,0,0,0,0,0,0,0,0
nroute,68,0,14,0,259332,0,259332,0,0,7,0,0,0,0,40,0,0,0
nsamala+LeMeme,1,0,0,1,0,1865,1865,0,0,9,0,0,0,0,0,0,0,0
nshenoy+uknit,1,0,1,0,4205,0,4205,0,0,0,0,0,0,0,0,0,0,0
ntotten+facebook-wp-auth-sample,1,0,1,0,556,0,556,0,0,0,0,0,0,0,0,0,0,0
numa08+FollowMeAppForWinPhone,1,0,1,0,1178,0,1178,0,0,0,0,0,0,0,0,0,0,0
nunitwindowsphone7,3,0,3,0,21012,0,21012,0,0,0,0,0,0,0,0,0,0,0
nunohorta+ShieldMeWP7,1,0,1,0,2904,0,2904,0,0,0,0,0,0,0,0,0,0,0
nytimessilverlight,13,0,4,0,19299,0,19299,0,0,13,0,0,0,0,0,0,0,0
nyxphone,4,0,4,0,7661,0,7661,0,0,1,0,0,0,0,0,0,0,0
Nznoonee+VKAgent,2,0,2,0,18973,0,18973,0,0,2,4,12,12,0,1,0,1,22
obiwang+S1Nyan,18,0,8,2,143009,33572,176581,0,2,1,5,31,29,1,0,0,0,1
Oblo+Smile,6,1,0,1,0,654,654,0,0,0,0,1,0,0,0,0,0,0
odcphone,4,0,4,0,26931,0,26931,0,0,0,0,0,0,0,1,0,0,0
odncstudygroup,4,0,4,0,3518,0,3518,0,0,1,0,0,0,0,0,0,0,0
ogeo+TestApp,1,0,1,0,1089,0,1089,0,0,2,0,0,0,0,0,0,0,0
OlivierRiberi+3NET-SimpleRadio,2,0,2,0,1289,0,1289,0,0,0,0,0,0,0,0,0,0,0
OLVACOMM+VOIP4WP7,2,0,0,2,0,3592,3592,2,2,0,0,0,0,0,0,0,0,0
on4wp7,1,0,1,0,1220,0,1220,0,0,0,0,0,0,0,0,0,0,0
oncfext,5,2,1,0,5163,0,5163,0,2,0,0,0,0,0,0,0,0,0
OneBusAway+onebusaway-windows-phone,4,0,4,0,15243,0,15243,0,1,3,0,0,0,0,0,0,0,0
onebusawaywp7,11,0,11,0,27183,0,27183,0,6,9,0,0,0,2,0,0,0,0
onebyonesolitaire,1,0,1,0,2668,0,2668,0,0,0,0,0,0,0,0,0,0,0
oneillci+BabyFeed,1,0,1,0,1100,0,1100,0,0,0,0,0,0,0,0,0,0,0
oneshoppinglist,3,0,2,0,8613,0,8613,0,0,12,0,0,0,0,0,0,0,0
onovotny+WinRTTimeZones,10,0,0,3,0,1701,1701,0,0,0,0,0,0,1,0,0,0,0
ontime,1,0,1,0,769,0,769,0,0,0,0,0,0,0,0,0,0,0
openbala+Thirukkural,1,0,1,0,2212,0,2212,0,0,0,0,0,0,0,0,0,0,0
opengov,1,0,1,0,1664,0,1664,0,3,0,0,0,0,1,0,0,0,0
openintents+shoppinglist_winphone,1,0,1,0,8716,0,8716,0,0,0,0,0,0,0,0,0,0,0
opennosapi,7,0,2,0,1266,0,1266,0,0,0,0,0,0,0,0,0,0,0
opensns,7,0,3,0,5803,0,5803,0,0,0,0,0,0,0,0,0,0,0
operationsneakpeek,7,0,6,0,31306,0,31306,0,1,0,0,0,0,0,0,0,0,0
optiklab+VKMessanger,2,0,1,0,23364,0,23364,0,6,1,0,0,0,0,6,0,0,0
orangecoder+WorldCookbook,1,0,1,0,4951,0,4951,0,0,0,0,0,0,0,0,0,0,0
organizerwp7,1,0,1,0,6495,0,6495,0,0,2,0,0,0,0,0,0,0,0
orm,43,12,5,0,10017,0,10017,0,0,0,0,0,0,0,0,0,0,0
orsko+WP8HF,1,0,0,1,0,2100,2100,0,0,3,4,5,0,0,0,0,0,0
orthodoxcalendar,12,0,0,6,0,2785,2785,0,0,0,0,0,0,0,0,0,0,0
osmsharp,43,3,3,0,104135,0,104135,0,0,0,0,0,0,0,0,0,0,0
outliers,3,0,2,0,8002,0,8002,0,0,0,0,0,0,0,0,0,0,0
ovatsus+LearnOnTheGo,2,0,1,1,1013,1031,2044,0,0,0,0,0,0,0,2,0,0,0
ovatsus+UKTrains,2,0,1,1,1878,1898,3776,1,2,1,0,1,0,0,0,0,0,0
owen2+E85-Helper,1,0,1,0,934,0,934,0,0,0,0,0,0,0,0,0,0,0
owen2+ptooot,1,0,0,1,0,1244,1244,0,0,0,0,0,0,0,0,0,0,0
owncloud+windows-phone,1,0,1,0,8221,0,8221,0,11,1,0,0,0,0,0,0,0,0
paarc,18,0,6,0,15386,0,15386,0,5,2,0,0,0,0,6,0,0,0
pachubedal,2,1,1,0,666,0,666,0,0,0,0,0,0,0,0,0,0,0
pagerotationwp,2,0,2,0,523,0,523,0,0,0,0,0,0,0,0,0,0,0
pagetransitions,1,0,1,0,815,0,815,0,0,0,0,0,0,0,0,0,0,0
Pajdziu+Kostki,1,0,1,0,3576,0,3576,0,0,0,0,0,0,0,2,0,0,0
panohead,3,1,0,2,0,1657,1657,0,0,0,0,18,0,0,0,0,0,0
PanosSakkos+WindowsPhoneApps,4,0,4,0,2220,0,2220,0,0,1,0,0,0,0,0,0,0,0
pardhu+BoothleadsW8,1,0,1,0,4855,0,4855,0,0,12,0,0,0,0,0,0,0,0
pascal,1,0,1,0,3165,0,3165,0,1,0,0,0,0,0,0,0,0,0
pasha-zolnikov+VK-Chat-Windows-Phone-,1,0,1,0,1933,0,1933,0,0,4,0,0,0,0,0,0,0,0
passick+wp.fm,1,0,1,0,6396,0,6396,0,0,0,0,39,39,0,0,0,0,0
passwordmgr,48,1,7,2,125219,599,125818,0,0,0,0,0,0,0,1,0,0,0
patoliya+LetsPlay,1,0,0,1,0,1187,1187,0,0,0,0,0,0,0,0,0,0,0
paw,2,1,1,0,5301,0,5301,0,0,0,0,0,0,0,0,0,1,0
PawelStroinski+Diettr-GPL,8,0,5,0,11367,0,11367,0,1,3,0,0,0,0,0,0,3,0
PawelStroinski+Pabloware.About.Phone,1,0,1,0,1020,0,1020,0,0,1,0,0,0,0,0,0,0,0
PAYONE+WindowsPhone-SDK,1,0,1,0,1544,0,1544,0,2,0,0,0,0,0,0,0,0,0
pblogwp7,1,0,1,0,1180,0,1180,0,0,0,0,0,0,0,0,0,0,0
pclcontrib,21,0,1,0,600,0,600,0,0,0,0,0,0,0,0,0,0,0
pcrockett+Dice,1,0,1,0,2594,0,2594,0,0,2,0,0,0,0,0,0,0,0
pcrockett+Ruminate,2,0,1,1,622,567,1189,0,1,0,0,0,0,0,0,0,0,0
PedroLamas+GDrive,2,0,1,1,4086,4086,8172,0,0,0,8,32,16,0,0,0,0,0
PedroLamas+WPtoolkit,1,0,1,0,32719,0,32719,0,0,0,0,0,0,0,0,0,0,0
pennyfx+Windows-Phone-Bugzilla-Quick-Search,1,0,1,0,799,0,799,0,1,0,0,0,0,0,0,0,0,0
Penrillian+KinveyWindowsPhone8,2,0,0,1,0,2613,2613,0,0,0,5,35,0,0,0,0,0,0
perstsyncprovider,2,0,2,0,4567,0,4567,0,0,0,0,0,0,0,6,0,0,0
peterdrougge+Usoniandream.WIndowsPhone.LocationServices,14,3,11,0,12812,0,12812,0,0,0,0,0,0,0,3,0,0,0
petermorlion+EightBitCamera,3,0,2,0,2014,0,2014,0,0,0,0,0,0,0,0,0,0,0
petermuller+windows-phone-gpio-controller,2,0,1,1,786,2384,3170,0,0,3,0,0,0,0,0,0,0,0
peter-popov+manywords,3,0,1,0,6583,0,6583,0,1,1,0,0,0,0,0,0,1,0
peter-popov+xomango,6,1,3,0,3125,0,3125,0,0,0,0,0,0,1,0,0,0,0
PhilipBrockmeyer+Zazumo,52,0,8,0,114682,0,114682,0,0,0,0,0,0,0,0,0,0,0
PhilippGrulich+WindowsPhoneHeise,1,0,0,1,0,1280,1280,1,1,1,0,0,0,0,0,0,0,0
phone,1,0,1,0,33832,0,33832,0,0,0,0,0,0,0,0,0,0,0
phone7,2,0,2,0,19958,0,19958,0,6,0,0,0,0,0,0,1,0,0
phone7actionpack,9,0,9,0,4698,0,4698,0,0,0,0,0,0,0,0,0,0,0
phonecore,3,0,2,0,6617,0,6617,0,0,0,0,0,0,0,0,0,0,0
phoneflipmenu,2,0,2,0,605,0,605,0,0,0,0,0,0,0,0,0,0,0
phonegapwp7,1,0,1,0,1625,0,1625,0,0,1,0,0,0,0,0,0,1,0
phoneguitartab,5,0,5,0,8356,0,8356,0,3,2,0,0,0,0,0,0,0,0
phonenettools,6,3,3,0,3656,0,3656,0,1,2,0,0,0,0,1,0,0,0
phonesm,15,0,4,4,3287,3470,6757,0,0,0,3,11,4,1,0,0,0,0
phonetoolkitbehavior,3,0,3,0,2267,0,2267,0,0,0,0,0,0,0,0,0,0,0
phonetools,4,0,0,4,0,3127,3127,0,0,0,0,0,0,0,0,0,0,0
phongnet073+WindowsPhone8,1,0,1,0,759,0,759,0,0,0,0,0,0,0,0,0,0,0
photopuzzlewp7game,1,0,1,0,1328,0,1328,0,0,0,0,0,0,0,0,0,0,0
physicshelper,11,0,5,0,76154,0,76154,0,0,0,0,0,0,0,0,0,0,0
physicshelperxaml,13,0,4,0,40682,0,40682,0,0,0,0,0,0,0,0,0,0,0
piccoloaiutante+CodemotionBerlin,2,0,0,2,0,1314,1314,0,0,0,0,5,0,1,0,0,0,0
piccoloaiutante+WindowsPhone7MvvM,1,0,1,0,937,0,937,0,0,0,0,0,0,0,0,0,0,0
piccoloaiutante+WindowsPhone7MvvMEventsIoC,1,0,1,0,1010,0,1010,0,0,0,0,0,0,0,0,0,0,0
piccoloaiutante+WP8ProfilingExample,1,0,0,1,0,540,540,0,0,0,0,0,0,0,0,0,0,0
piccoloaiutante+WP8TestingExample,2,0,0,2,0,5028,5028,0,0,0,0,7,0,0,0,0,0,19
picfx,1,0,1,0,2270,0,2270,0,0,0,0,0,0,0,2,0,0,0
piggybankwp7game,1,0,1,0,994,0,994,0,0,0,0,0,0,0,0,0,0,0
pillbox,4,0,4,0,28566,0,28566,0,0,0,0,0,0,0,1,0,0,0
Pinultimate+Pinultimate_Windows_Phone,1,0,0,1,0,4309,4309,2,2,1,0,3,0,0,0,0,0,0
pixeltucker+SpeedoPlus,1,0,0,1,0,3501,3501,0,0,0,0,2,0,0,0,0,0,0
piyushbansal+PanicAlarm,1,0,0,1,0,1949,1949,0,0,8,0,0,0,0,0,0,0,0
playerframework,63,0,13,13,67378,67589,134967,1,2,2,42,283,140,0,0,0,0,11
pleasereset+ISTISN-wp,3,0,3,0,922,0,922,0,0,1,0,0,0,0,0,0,0,0
pleasereset+sharpkml-wp,7,0,0,4,0,93190,93190,0,0,0,0,0,0,0,2,0,0,0
podium,4,0,2,0,1600,0,1600,0,0,8,0,0,0,0,0,0,0,0
pomodoro,1,0,1,0,846,0,846,0,0,0,0,0,0,0,0,0,0,0
popflygameengine,2,0,1,0,17065,0,17065,0,0,0,0,0,0,0,0,0,0,0
posterousapi,10,1,3,0,9847,0,9847,0,0,0,0,0,0,0,3,1,0,0
postmemo,2,0,2,0,5080,0,5080,0,0,0,0,0,0,0,0,0,0,0
powerytg+indulged-flickr,2,0,0,2,0,20106,20106,2,2,0,0,22,0,0,0,0,0,0
PPUA+PlayPhoneSDKDemoWinPhone,2,0,2,0,65744,0,65744,0,0,2,0,0,0,0,2,0,0,0
pradisa+alarmapp,2,0,2,0,930,0,930,0,0,0,0,0,0,0,0,0,0,0
PrasadBabukn+WindowsPhoneAppSample,1,0,1,0,502,0,502,0,0,1,0,0,0,0,0,0,0,0
PrasadHonrao+WindowsPhone8,5,0,0,5,0,3557,3557,0,0,0,0,0,0,0,0,0,0,0
prayertimes4wp7,1,0,1,0,1863,0,1863,0,0,2,0,0,0,0,0,0,0,0
prembharath+QR-Hub,1,0,1,0,760,0,760,0,0,2,0,0,0,0,0,0,0,0
pressurediary,1,0,1,0,2236,0,2236,0,0,0,0,0,0,0,0,0,0,0
pricewarwp7game,1,0,1,0,1966,0,1966,0,0,0,0,0,0,0,0,0,0,0
processingjs,4,0,0,2,0,1196,1196,0,0,0,0,2,0,0,0,0,0,0
progrupal+damii,1,0,1,0,1073,0,1073,0,0,0,0,0,0,0,0,0,0,0
Proxomo+SDK-WP7,2,0,2,0,4987,0,4987,0,3,0,0,0,0,0,0,0,0,0
PrzemekBurczyk+WeatherApp,1,0,0,1,0,1016,1016,0,0,1,0,0,0,0,0,0,0,0
pservicebus,70,0,2,0,1167,0,1167,0,5,0,0,0,0,0,0,9,1,0
ptt,3,1,1,0,914,0,914,0,0,1,0,0,0,0,0,0,0,0
ptyork+CanvasWP,2,0,2,0,3182,0,3182,0,3,0,0,0,0,0,0,0,0,0
Purdue-ACM-SIGAPP+Windows-Phone-Launchers-And-Choosers,1,0,1,0,694,0,694,0,0,0,0,0,0,0,0,0,0,0
Purdue-ACM-SIGAPP+Windows-Phone-Picture-Downloader,1,0,1,0,592,0,592,0,0,1,0,0,0,0,0,0,0,0
purdue-cs-groups+cs307-project01,3,0,2,0,7429,0,7429,0,0,0,0,0,0,0,0,0,0,0
purplecabbage+cordova-wp-example,1,0,0,1,0,12485,12485,3,3,2,0,0,0,1,1,0,0,0
pushpinclusterer,2,0,2,0,847,0,847,0,0,0,0,0,0,0,0,0,0,0
puzzlegame,7,0,2,0,6248,0,6248,0,0,0,0,0,0,0,0,0,0,0
pxue+EpCon-Hackathon,1,0,1,0,2284,0,2284,0,0,4,0,0,0,0,0,0,0,0
qdfeed,7,1,1,1,1344,1540,2884,5,9,0,0,5,0,0,2,0,0,1
qiblacompass,1,0,0,1,0,961,961,0,0,0,0,0,0,0,0,0,0,0
qiqiangqq+DuoDuoPhotoGallery,1,0,1,0,5391,0,5391,0,0,0,0,0,0,1,4,0,0,0
qrcodeapi,8,0,1,0,7740,0,7740,0,3,0,0,0,0,0,0,0,0,0
qrcodegenerator,2,0,2,0,1400,0,1400,0,0,0,0,0,0,0,0,0,0,0
QuickBlox+SimpleSample-Geo-WindowsPhone7,2,0,1,0,814,0,814,0,0,0,0,0,0,0,0,0,0,0
QuickBlox+SimpleSample-Users-WindowsPhone7,2,0,1,0,1012,0,1012,0,0,0,0,0,0,0,0,0,0,0
quickweblauncherwp,1,0,0,1,0,3798,3798,0,0,2,0,0,0,0,0,0,0,0
quranbookmark,1,0,1,0,1401,0,1401,0,0,0,0,0,0,0,0,0,0,0
radical,49,0,2,4,21907,22742,44649,0,0,2,0,0,0,0,4,2,2,0
rafazgz+TresEnRayaWindowsPhone,2,0,2,0,808,0,808,0,0,0,0,0,0,0,0,0,0,0
rahulbhuwal+RottenTomatoesWPApp,1,0,1,0,1140,0,1140,0,0,0,0,0,0,0,0,0,0,0
rahulbhuwal+RottenTomatoWPApp,1,0,1,0,1140,0,1140,0,0,0,0,0,0,0,0,0,0,0
rahulpnath+IncrementalLoadingPhone,1,0,0,1,0,765,765,0,0,1,0,0,0,0,0,0,0,0
RallySoftware+Flowdock.NET,3,0,0,3,0,4079,4079,2,2,0,0,5,0,1,0,0,0,0
ramhemasri+Pusher,3,0,0,3,0,2670,2670,1,1,0,0,1,0,0,0,0,0,0
ranjancse26+MyTube,2,0,1,1,64,1840,1904,3,3,1,0,0,0,0,0,0,0,0
raphamorim+Facebook_WindowsPhone,1,0,1,0,581,0,581,0,0,2,0,0,0,0,0,0,0,0
rapidxna,3,0,1,0,1402,0,1402,0,0,0,0,0,0,2,0,0,0,0
ratingreminder,2,0,2,0,757,0,757,0,0,0,0,0,0,0,0,0,0,0
RavenXce+PowerWiFlyWP,1,0,0,1,0,799,799,0,0,0,0,0,0,0,0,0,0,0
RBerntsen+PerfEGGt,2,0,2,0,528,0,528,0,0,0,0,0,0,0,0,0,0,0
reading,2,0,2,0,1495,0,1495,0,0,0,0,0,0,0,0,0,0,0
realworldstocks,7,0,3,1,3961,1043,5004,0,0,2,0,2,0,0,3,0,0,0
redbadger+XPF,46,0,18,0,34244,0,34244,0,0,0,0,0,0,0,0,0,0,0
redditwp,2,0,2,0,30666,0,30666,0,0,1,0,0,0,1,0,0,0,0
Redth+ZXing.Net.Mobile,19,5,5,2,103125,51099,154224,0,0,0,0,0,0,0,0,0,0,3
regatta,7,0,5,0,23026,0,23026,0,0,0,0,0,0,0,0,0,0,0
RegulusDev+WP_MusicPeople,15,0,14,0,6065,0,6065,0,0,0,0,0,0,0,0,0,0,0
rennwp7,2,0,2,0,2214,0,2214,0,3,0,0,0,0,0,0,0,0,0
restafari,7,0,0,1,0,1225,1225,0,0,0,0,44,0,0,0,0,0,0
rheza+ezNote,2,0,2,0,5448,0,5448,0,0,2,0,0,0,0,0,0,0,0
RHIT+RHITMobile-WindowsPhone,4,0,4,0,5288,0,5288,0,3,0,0,0,0,0,0,0,0,0
rhizome,5,0,2,0,12474,0,12474,0,0,0,0,0,0,1,0,0,0,0
riaserviceswp7comm,2,0,1,0,595,0,595,0,0,0,0,0,0,0,0,0,0,0
richardszalay+build-scout,6,0,4,0,18307,0,18307,0,0,0,0,0,0,0,0,0,0,0
richardszalay+phone-common-strings,2,0,2,0,1991,0,1991,0,0,0,0,0,0,0,0,0,0,0
richhildebrand+TimerApp_WP8,2,0,0,2,0,2044,2044,0,0,0,0,2,0,0,0,0,0,0
Rikibaco+JMM_WindowsPhoneLab1,1,0,0,1,0,922,922,0,0,0,0,0,0,0,0,0,0,0
ring,2,0,2,0,1482,0,1482,0,0,0,0,0,0,0,0,0,0,0
rish7+WindowsPhonePlaySound,1,0,1,0,500,0,500,0,0,0,0,0,0,0,0,0,0,0
robingrindrod+topaz-fuel-card-windows-phone,1,0,0,1,0,768,768,1,1,0,0,0,0,0,0,0,0,0
rocketriotenvironmen,3,1,1,0,932,0,932,0,0,0,0,0,0,0,0,0,0,0
rollingthunder+DiversityMobile,13,1,5,0,20117,0,20117,0,0,3,0,0,0,1,0,0,0,0
ronforbes+omega,1,0,1,0,1498,0,1498,0,0,2,0,0,0,0,0,0,0,0
ronhuang+where-is-makkah,1,0,1,0,2024,0,2024,0,0,0,0,0,0,0,0,0,0,0
roshan21+iCreate-Challenge,2,0,2,0,4330,0,4330,0,9,3,0,0,0,0,0,0,0,0
roxit+LilyBBS.WP,1,0,1,0,3010,0,3010,0,0,0,0,0,0,0,0,0,0,0
rschiefer+MetroConf,2,0,2,0,683,0,683,0,0,0,0,0,0,0,0,0,0,0
rssr7,1,0,1,0,747,0,747,0,0,1,0,0,0,0,0,0,0,0
rssreaderwp7,1,0,1,0,755,0,755,0,0,1,0,0,0,0,0,0,0,0
rsuwp8,1,0,1,0,635,0,635,0,0,0,0,0,0,0,0,0,0,0
rthoelen+SendPage,1,0,0,1,0,925,925,0,0,3,0,0,0,0,0,0,0,0
RuaanV+Asos-Windows-Phone-7,3,0,3,0,1603,0,1603,0,3,0,0,0,0,0,0,0,0,0
RuaanV+Imbube.NationalRail,3,0,3,0,2004,0,2004,0,1,0,0,0,0,0,0,0,0,0
rubone+wp.photodisplay,2,0,0,2,0,1234,1234,1,1,0,0,2,0,0,1,0,0,0
rubone+wp.translator,1,0,0,1,0,652,652,0,0,2,0,2,0,0,0,0,0,0
rulesofacquisition,1,0,1,0,658,0,658,0,0,0,0,0,0,0,0,0,0,0
runceel+WP7Apps,12,0,12,0,13142,0,13142,0,0,0,0,0,0,0,0,0,0,0
rxx,47,2,11,1,114385,49705,164090,0,4,11,0,0,0,0,0,2,0,0
Ryan-Anderson+WP8-Starter,1,0,0,1,0,825,825,0,0,0,0,0,0,0,0,0,0,0
ryanlowdermilk+UniversalApp,4,0,1,1,343,577,920,0,0,0,0,2,1,0,0,0,0,0
rylan+SEWorld,1,0,1,0,2136,0,2136,0,0,2,0,0,0,0,0,0,0,0
SajithLakjaya+MyNotes,1,0,0,1,0,1469,1469,0,0,0,0,0,0,0,0,0,0,0
saldoukhov+ZeroconfRT,6,0,0,3,0,1715,1715,0,0,0,0,0,0,0,0,0,0,0
sameer-b+Git_It,1,0,1,0,1044,0,1044,0,0,3,0,0,0,0,0,0,0,0
samiq+turnstile,2,0,2,0,813,0,813,0,0,0,0,0,0,0,0,0,0,0
samplevariablesizedwrapgridwp,1,0,0,1,0,1287,1287,1,1,0,0,0,0,0,0,0,0,0
samsungremotewp7,1,0,1,0,3828,0,3828,0,1,2,0,0,0,0,1,0,0,0
sanjinharacic+ColorBash,1,0,1,0,1987,0,1987,0,0,0,0,0,0,0,0,0,0,0
SarvagyaVaish+CatchPhrase,1,0,1,0,874,0,874,0,0,0,0,0,0,0,0,0,0,0
saurabharora90+EventHubLite,3,0,3,0,4390,0,4390,0,18,6,0,0,0,0,0,0,0,0
saurabharora90+World-Alarm-Clock,1,0,1,0,1645,0,1645,0,0,2,0,0,0,0,0,0,0,0
sbp,1,0,1,0,17814,0,17814,0,1,0,0,0,0,0,0,0,0,0
schatteleyn+Hubnews,1,0,1,0,824,0,824,0,0,1,0,0,0,0,0,0,0,0
schiffchen+windows-phone,6,0,4,0,31716,0,31716,0,0,7,0,0,0,2,9,0,0,0
scopasl,1,0,1,0,3755,0,3755,0,0,0,0,0,0,5,0,0,0,0
ScottIsAFool+FireRadioPlayer,4,0,4,0,4584,0,4584,0,0,1,0,0,0,0,0,0,0,0
ScottIsAFool+StoreCardBuddy,3,0,1,1,3092,3204,6296,0,0,1,4,6,3,0,0,0,0,0
ScottIsAFool+StoreClient,2,0,0,1,0,584,584,0,0,0,0,1,0,0,0,0,0,0
ScottIsAFool+TextTemplator,1,0,0,1,0,643,643,0,0,0,0,0,0,0,0,0,0,0
ScottIsAFool+TileSlider,2,0,2,0,853,0,853,0,0,0,0,0,0,0,0,0,0,0
ScottIsAFool+WebTone,1,0,0,1,0,3765,3765,2,2,1,0,0,0,0,0,0,0,0
scottmeng+ivle_metro_wp,15,0,3,0,79495,0,79495,0,7,0,0,0,0,0,0,0,0,0
scripttd,7,0,3,0,7051,0,7051,0,0,0,0,0,0,0,0,0,0,0
sdnavigation,3,0,3,0,1022,0,1022,0,0,0,0,0,0,0,0,0,0,0
SeanDunford+WinPhoneSandBox,9,2,3,2,1281,1134,2415,0,0,0,0,0,0,0,0,0,0,0
SebastianPozoga+Phonegap-gMap-Bug,1,0,1,0,10541,0,10541,0,3,2,0,0,0,1,1,0,0,0
sebastienjouhans+c-sharp-listbox-snap-control,2,0,0,2,0,1035,1035,0,0,0,0,0,0,0,0,0,0,0
sebastienjouhans+c-sharp-scrollviewer-snap-control,2,0,0,2,0,1015,1015,0,0,0,0,0,0,0,0,0,0,0
Sebazzz+SDammann.WindowsPhone.MyMvvm,3,0,3,0,1000,0,1000,0,0,0,0,0,0,0,0,0,0,0
Sebazzz+SDammann.WindowsPhone.Utils,2,0,0,2,0,2740,2740,0,0,0,0,0,0,0,0,0,0,0
secondage+projXdemo_wp7,8,0,6,0,9162,0,9162,0,0,0,0,0,0,1,0,0,0,0
securebox,4,0,4,0,6997,0,6997,0,0,0,0,0,0,0,0,0,0,0
sekitaka+PivotPaging,1,0,1,0,686,0,686,0,0,0,0,0,0,0,0,0,0,0
selbekk+frimerker,1,0,0,1,0,1025,1025,0,0,0,0,0,0,0,0,0,0,0
selbekk+inspire,1,0,0,1,0,1198,1198,1,1,0,1,6,0,0,0,0,0,0
seoulapi,17,0,2,0,1744,0,1744,0,0,3,0,0,0,0,0,0,0,0
sephXD+Taitung-Tour-Guide,1,0,1,0,2774,0,2774,0,0,0,0,0,0,0,0,0,0,0
SergioMSCosta+realtime-windows-phone-perc-loader,1,0,1,0,510,0,510,0,0,0,0,0,0,0,0,0,0,0
seriema+WP7Caps,2,0,2,0,1062,0,1062,0,0,0,0,0,0,0,0,0,0,0
service4u2,5,0,1,0,890,0,890,0,3,0,0,0,0,0,0,0,1,0
sevendrops,1,0,1,0,987,0,987,0,2,0,0,0,0,0,0,0,0,0
sgrebnov+IeMobileDebugger,10,0,9,1,22663,1125,23788,0,6,4,0,0,0,2,2,0,0,0
shairai+Cordova-Plugins,1,0,0,1,0,6630,6630,0,0,0,2,1,0,1,0,0,0,0
shandowsoftware+cnblogs-wpapp,1,0,1,0,4056,0,4056,0,5,16,0,0,0,0,0,0,0,0
shanecharles+BurnAdControl,2,0,2,0,1275,0,1275,0,0,0,0,0,0,0,0,0,0,0
sharephone,1,0,1,0,3874,0,3874,0,2,9,0,0,0,0,0,0,0,0
sharepointwp7,5,0,2,0,3128,0,3128,0,2,3,0,0,0,0,0,0,0,0
sharpbox,18,3,2,0,10632,0,10632,0,6,0,0,0,0,0,4,0,0,0
sharpmod,26,0,2,0,11019,0,11019,0,0,0,0,0,0,1,0,0,0,0
sharpotify7,6,0,6,0,32981,0,32981,0,0,5,0,0,0,1,1,0,2,0
shawnburke+AgFx,6,0,5,0,12728,0,12728,0,4,0,0,0,0,1,2,0,0,0
Sheepsteak+EchoesJS,2,0,0,1,0,2283,2283,0,0,0,5,9,0,0,0,0,0,0
shephertz+Tutorials_WP_7_8,1,0,1,0,1373,0,1373,0,0,0,0,0,0,0,0,0,0,0
shivanshuag+hit-me-phone,2,0,1,0,1203,0,1203,0,0,1,0,0,0,1,0,0,0,0
shoppinganalytics,8,0,8,0,31518,0,31518,0,0,10,0,0,0,0,1,0,0,0
shortcuts,3,0,2,1,2961,1416,4377,0,0,0,0,0,0,0,0,0,0,0
shoutcastmss,12,0,8,0,13406,0,13406,0,3,0,0,0,0,0,0,0,2,0
shoutstreamsource,2,0,2,0,2170,0,2170,0,2,0,0,0,0,0,0,0,0,0
shubham0987+F5Debug,1,0,1,0,1205,0,1205,0,0,13,0,0,0,0,0,0,0,0
shubham0987+HowsDayToday,1,0,1,0,505,0,505,0,0,0,0,0,0,0,0,0,0,0
shubham0987+Memoria,1,0,1,0,1480,0,1480,0,0,0,0,0,0,0,0,0,0,0
shubham0987+TelerikHelper,1,0,1,0,888,0,888,0,0,3,0,0,0,0,0,0,0,0
shuffleboard,3,0,1,0,1119,0,1119,0,0,0,0,0,0,0,0,0,0,0
signallab,2,0,2,0,3442,0,3442,0,2,0,0,0,0,0,1,0,0,0
silverxna,4,1,2,0,1978,0,1978,0,0,0,0,0,0,0,0,0,0,0
simplemvvmtoolkit,15,2,1,0,2398,0,2398,0,0,0,0,0,0,0,1,0,0,0
simplestorage,9,0,5,0,14986,0,14986,0,0,0,0,0,0,0,0,0,0,0
sinergijawpapp,4,0,4,0,10140,0,10140,0,0,0,0,0,0,0,0,0,0,0
sjetha+CanadaTrust,1,0,1,0,1041,0,1041,0,0,2,0,0,0,0,0,0,0,0
sjetha+TimerApp,1,0,1,0,660,0,660,0,0,0,0,0,0,0,0,0,0,0
skeinforgewp8,1,0,0,1,0,935,935,0,0,0,0,0,0,1,0,0,0,0
skitracker,1,0,0,1,0,3086,3086,0,0,0,0,9,0,0,0,0,0,0
skypoint,4,0,4,0,8630,0,8630,0,0,0,0,0,0,0,0,0,0,0
slartoolkit,14,0,2,0,23110,0,23110,0,0,0,0,0,0,0,1,0,0,0
slflow,61,8,15,0,16677,0,16677,0,0,0,0,0,0,0,0,0,0,0
SlidePay+WindowsPhoneSDK,2,0,0,2,0,3568,3568,0,0,0,13,11,0,0,0,0,0,0
slidingboxes,2,0,2,0,2360,0,2360,0,0,0,0,0,0,0,0,0,0,0
Sliverb+NoraPic,1,0,1,0,1757,0,1757,0,0,0,0,0,0,0,0,0,0,0
slylamb,3,0,3,0,1309,0,1309,0,0,0,0,0,0,0,0,0,0,0
smarthyu,1,0,1,0,3432,0,3432,0,0,3,0,0,0,0,0,0,0,0
smle+Bouncy-Castle-WP8,1,0,0,1,0,161016,161016,0,0,0,0,0,0,0,1,0,0,0
snapchatreplacement,1,0,0,1,0,795,795,0,0,0,1,1,0,0,0,0,0,0
socialsdk,2,0,2,0,3393,0,3393,0,5,0,0,0,0,0,0,0,0,0
sogames,27,0,5,0,2709,0,2709,0,6,0,0,0,0,0,0,0,0,0
soleon+BingleMaps,1,0,1,0,6082,0,6082,0,0,0,0,0,0,0,0,0,0,0
SomVPrahe+SvPMobileClientWP7,2,0,2,0,2844,0,2844,0,2,0,0,0,0,0,0,0,1,0
soreygarcia+AppMovil-BarCamMed,2,0,2,0,3844,0,3844,0,0,1,0,0,0,0,0,0,0,0
sorny+wp8WlanLogger,1,0,0,1,0,624,624,0,0,0,0,0,0,0,0,0,0,0
souldoor,3,0,2,0,5089,0,5089,0,0,0,0,0,0,0,0,0,0,0
soundrecorder,1,0,1,0,951,0,951,0,0,0,0,0,0,1,0,0,0,0
sozialhelden+wheelmap-wp7,5,0,5,0,8437,0,8437,0,0,2,0,0,0,0,0,0,0,0
spacebattle,37,1,9,0,83221,0,83221,0,15,0,0,0,0,2,0,0,0,0
sparrowtoolkit,51,2,6,4,44385,29588,73973,0,0,0,0,0,0,0,0,0,0,0
spge,1,0,1,0,2640,0,2640,0,0,0,0,0,0,0,0,0,1,0
spherelayout,6,0,2,0,1092,0,1092,0,0,0,0,0,0,0,0,0,0,0
spindotters,28,0,10,0,13087,0,13087,0,0,0,0,0,0,0,0,0,3,0
spiridon-alexandru+SimpleReminder,2,0,2,0,1861,0,1861,0,0,0,0,0,0,0,0,0,0,0
sqlcewindowsphone,1,0,1,0,521,0,521,0,1,0,0,0,0,0,0,0,0,0
sqlite2ce,4,0,1,0,1334,0,1334,0,0,0,0,0,0,0,0,0,0,0
sqlitesync4winphone8,1,0,0,1,0,22680,22680,0,0,0,0,73,0,0,0,0,0,0
srplay,4,0,4,0,3727,0,3727,0,0,1,0,0,0,0,0,0,0,0
SSheldon+Imagister,3,0,1,0,2598,0,2598,0,0,0,0,0,0,0,0,0,0,0
sstu,1,0,1,0,5419,0,5419,0,0,0,0,0,0,0,6,0,0,0
starterxna,9,0,7,0,20387,0,20387,0,1,2,0,0,0,1,0,0,0,0
startrooper2dxna,4,0,1,0,874,0,874,0,0,0,0,0,0,0,0,0,0,0
stejin+Kanji-Flashcards-for-Windows-Phone,15,0,4,0,5478,0,5478,0,0,2,0,0,0,0,0,0,4,0
stem123,3,0,1,0,4670,0,4670,0,0,1,0,0,0,2,0,0,0,0
stephandev+IBC_WP,1,0,1,0,2265,0,2265,0,0,2,0,0,0,0,0,0,0,0
sterling,47,3,19,0,52344,0,52344,0,0,0,0,0,0,0,0,0,17,0
stockapp,2,0,1,0,2144,0,2144,0,0,0,0,0,0,0,0,0,0,0
stravaviewerwp7,1,0,1,0,5073,0,5073,0,0,6,0,0,0,0,0,0,0,0
streathamAdministrators+AKWP7,3,0,3,0,5964,0,5964,0,0,0,0,0,0,0,0,0,0,0
stundenplantsst,1,0,1,0,1713,0,1713,0,0,0,0,0,0,0,0,0,0,0
subsonic,8,1,4,0,14669,0,14669,0,3,13,0,0,0,0,0,0,0,0
SubsonicDesign+Windows-Phone-Radial-Slider,4,0,4,0,2758,0,2758,0,0,0,0,0,0,2,0,0,0,0
sudheesh001+Indian-Satellites,1,0,0,1,0,650,650,0,0,0,0,0,0,0,0,0,0,0
sudokuwp7,11,0,5,0,36120,0,36120,0,0,0,0,0,0,0,0,0,0,0
sugarsyncapi,5,0,2,0,3521,0,3521,0,0,0,0,42,42,0,0,0,0,0
sunbiz+LatitudeGap,1,0,1,0,738,0,738,0,0,0,0,0,0,0,0,0,0,0
super3+Sketch-and-Shake,1,0,1,0,805,0,805,0,0,0,0,0,0,0,0,0,0,0
superjohan+aecount-windowsphone,2,0,1,1,794,794,1588,0,0,0,0,0,0,0,0,0,0,0
supudo+BombaJob-WP,1,0,1,0,6142,0,6142,0,0,3,0,0,0,0,0,0,1,0
supudo+Neolog-WP,1,0,1,0,5485,0,5485,0,0,3,0,0,0,0,0,0,1,0
svaithia+Quick.Short-WP7,1,0,1,0,1116,0,1116,0,0,2,0,0,0,0,0,0,0,0
swparkwp8,7,0,0,6,0,5419,5419,0,0,3,0,1,0,0,0,0,0,0
sxc2+TimeZones,1,0,1,0,1626,0,1626,0,0,0,0,0,0,0,0,0,0,0
syncwinrt,11,0,0,3,0,24496,24496,0,0,0,3,24,0,0,0,0,0,36
T045T+Echo-App,3,0,3,0,9875,0,9875,0,0,4,0,0,0,0,0,0,1,0
tallymarks,1,0,1,0,716,0,716,0,0,0,0,0,0,0,0,0,0,0
tarekw+SampleSkypeApp,4,0,4,0,2616,0,2616,0,0,0,0,14,14,0,0,0,0,0
taxiplease,1,0,1,0,977,0,977,0,0,1,0,0,0,0,0,0,0,0
taylorfinnell+letters,2,0,1,0,3100,0,3100,0,0,0,0,0,0,0,0,0,0,0
tbmihailov+countsmart-wp,1,0,1,0,1089,0,1089,0,0,0,0,0,0,0,0,0,0,0
tbmihailov+mynotes-wp-sample,1,0,1,0,2155,0,2155,0,0,0,0,0,0,0,0,0,0,0
tbmihailov+workt,5,0,5,0,109564,0,109564,0,0,0,0,0,0,0,0,0,0,0
tbmihailov+wpscaffolding,2,0,1,0,2308,0,2308,0,0,0,0,0,0,0,0,0,0,0
tcsavage+waypoint,1,0,1,0,3222,0,3222,0,0,0,0,0,0,0,0,0,0,0
techappy,7,0,4,0,2670,0,2670,0,0,0,0,0,0,0,0,0,0,0
TechPreacher+WP8-FlickrSearch,1,0,0,1,0,1241,1241,0,0,1,0,4,0,0,0,0,0,0
TechPreacher+WP8-Joystick-UserControl,2,0,0,2,0,983,983,0,0,0,0,0,0,0,0,0,0,0
TechPreacher+WP8-Sphero-Control,2,0,0,2,0,1936,1936,0,0,0,0,5,0,0,0,0,0,0
tecnocrata+Clocks-for-Windows-Phone,1,0,1,0,859,0,859,0,0,0,0,0,0,0,0,0,0,0
tecnocrata+Notes-for-Windows-Phone,1,0,1,0,802,0,802,0,0,0,0,0,0,0,0,0,0,0
tecnocrata+TicTacToe-for-Windows-Phone,2,0,2,0,993,0,993,0,0,0,0,0,0,0,0,0,0,0
tencentweibo,2,0,2,0,20165,0,20165,0,17,0,0,0,0,2,0,0,0,0
Tethik+MatrixMath,2,0,2,0,2258,0,2258,0,0,0,0,0,0,0,0,0,0,0
texasholdemcalc,20,0,11,0,42088,0,42088,0,10,1,0,0,0,0,0,0,1,0
textfieldparserwp,4,0,2,0,963,0,963,0,0,0,0,0,0,0,0,0,0,0
tfsontheroad,3,0,3,0,23354,0,23354,0,2,4,0,0,0,0,0,0,0,0
thang2410199+Windows-Phone-Project,1,0,1,0,955,0,955,0,0,0,0,0,0,0,0,0,0,0
thebandrews+BeanCounter,1,0,0,1,0,1087,1087,0,0,0,0,0,0,0,0,0,0,0
thebeekeeper+chirpradio-wp7,2,0,2,0,1122,0,1122,0,0,1,0,0,0,0,0,0,0,0
TheFerrango+aMUSE_WP7,3,0,2,0,2908,0,2908,0,0,0,0,0,0,0,0,0,0,0
TheFerrango+CityZen_WP7,1,0,1,0,1118,0,1118,0,0,0,0,0,0,0,0,0,0,0
thiagoadriano26+fitness,1,0,1,0,3064,0,3064,0,0,0,0,0,0,0,0,0,0,0
thnk2wn+codestock-winphone,3,0,3,0,16630,0,16630,0,2,0,0,0,0,1,8,0,3,0
tiagobabo+windows-phone-gallery,1,0,1,0,2974,0,2974,0,1,6,0,0,0,0,0,0,0,0
tide,11,0,2,0,5564,0,5564,0,0,0,0,0,0,0,0,0,0,0
tif,1,0,1,0,1855,0,1855,0,0,0,0,0,0,0,0,0,0,0
tileslider,2,0,2,0,853,0,853,0,0,0,0,0,0,0,0,0,0,0
timdams+PopcornRemote,1,0,1,0,902,0,902,0,0,1,0,0,0,0,0,0,0,0
timfel+travis7,1,0,1,0,1647,0,1647,0,1,1,0,0,0,0,0,0,0,0
timothee-alby+RunToScore,1,0,1,0,2827,0,2827,0,0,2,0,0,0,0,0,0,0,0
timothybinkley+Windows-Phone-7-In-Action,38,0,35,0,19638,0,19638,0,2,4,0,0,0,0,1,0,0,0
timothybinkley+Windows-Phone-8-In-Action,33,0,0,33,0,24295,24295,2,2,0,6,56,0,0,1,0,0,0
timrogers+joker-soundboard-wp7,1,0,0,1,0,604,604,0,0,0,0,0,0,0,0,0,0,0
Tinytoot+CTTDNUG,3,0,3,0,879,0,879,0,0,0,0,0,0,0,0,0,0,0
Tinytoot+G2PO,3,0,3,0,8162,0,8162,0,1,0,0,0,0,0,0,0,0,0
Tinytoot+LiveTileHelperExample,1,0,1,0,616,0,616,0,0,0,0,0,0,0,0,0,0,0
Tinytoot+StringReminder,1,0,1,0,757,0,757,0,0,0,0,0,0,0,0,0,0,0
tipcalc,1,0,1,0,574,0,574,0,0,0,0,0,0,0,0,0,0,0
tiscs,41,0,0,7,0,4609,4609,5,5,0,0,0,0,0,0,0,0,0
tmapp,6,0,2,0,3549,0,3549,0,0,1,0,0,0,0,0,0,0,0
tmenezes+WindowsPhone.GpsBackground,3,0,3,0,653,0,653,0,0,0,0,0,0,0,0,0,0,0
tmxmaploaderxna,6,0,2,0,967,0,967,0,0,0,0,0,0,0,0,0,0,0
todayhumor,1,0,1,0,2810,0,2810,0,2,0,6,12,12,0,0,0,0,0
toggl,3,0,3,0,3503,0,3503,0,5,0,0,0,0,0,0,0,0,0
Tol1+IrssiNotifierWP7,1,0,1,0,3899,0,3899,0,0,3,0,0,0,0,0,0,0,0
ToniA+wp7-dreamboxcontrol,1,0,1,0,2533,0,2533,0,0,0,0,0,0,0,0,0,6,0
tonyrom+Phone,26,0,20,2,9392,1650,11042,0,1,0,0,0,0,0,0,2,1,0
tonyunreal+CKReader-WP8,1,0,0,1,0,1707,1707,0,0,0,10,5,0,0,0,0,0,0
touristguide,12,0,2,0,2370,0,2370,0,0,6,0,0,0,0,0,0,0,0
tpetrina+wp8-helpers,2,0,0,2,0,1790,1790,0,0,25,4,1,0,0,0,0,2,0
tpetrina+wp-helpers,2,0,2,0,1091,0,1091,0,0,0,0,0,0,0,0,0,0,0
tpmvvm,3,0,1,0,9610,0,9610,0,0,4,0,0,0,0,0,0,6,0
trademe,2,0,2,0,17936,0,17936,0,3,0,0,0,0,0,2,0,0,0
trafficcamsflanders,2,0,2,0,2779,0,2779,0,12,0,0,0,0,0,0,0,0,0
traffictrouble,3,0,2,0,3959,0,3959,0,0,0,0,0,0,0,0,0,0,0
trainshare+TrainShareApp,1,0,1,0,3766,0,3766,0,0,0,0,11,11,0,0,0,0,0
translatorservice,7,0,2,0,1973,0,1973,0,6,1,0,0,0,0,0,0,0,0
travis7,1,0,1,0,2252,0,2252,0,2,0,0,0,0,0,0,0,0,0
tremblay+Grinnell-Menu-WP,1,0,1,0,1402,0,1402,0,0,2,0,0,0,0,0,0,0,0
triathlonchecklist,5,0,4,0,3153,0,3153,0,0,0,0,0,0,0,0,0,0,0
trimetabledev,3,0,3,0,4887,0,4887,0,0,0,0,0,0,2,0,0,0,0
trollfacesdk,1,0,1,0,1356,0,1356,0,0,0,0,0,0,1,1,0,1,0
tumblr4wp7,1,0,1,0,731,0,731,0,0,1,0,0,0,0,0,0,0,0
tumblrdemowp7,1,0,1,0,1802,0,1802,0,0,1,0,0,0,0,0,0,0,0
tvkkpt+wp-tutorials,1,0,1,0,676,0,676,0,0,0,0,0,0,0,0,0,0,0
twitt,1,0,1,0,2678,0,2678,0,0,0,0,0,0,0,0,0,0,0
twitterit,38,0,32,0,233002,0,233002,0,46,2,0,0,0,0,37,0,0,0
twitteronwp7,1,0,1,0,887,0,887,0,3,5,0,0,0,0,0,0,0,0
ucwp7,1,0,1,0,701,0,701,0,0,0,0,0,0,0,0,0,0,0
ultralightmvvm,2,0,2,0,1669,0,1669,0,0,0,0,0,0,0,0,0,0,0
uni,1,0,0,1,0,567,567,0,0,0,0,0,0,0,0,0,0,0
unitdriven,12,4,2,0,3655,0,3655,0,0,0,0,0,0,1,0,0,5,0
unitednations,1,0,1,0,9749,0,9749,0,4,0,0,0,0,1,0,0,0,0
unixcrh+wetongji_wp,2,0,2,0,7398,0,7398,0,2,0,0,0,0,0,0,0,0,0
updatecontrols,42,1,4,0,10012,0,10012,0,0,0,0,0,0,5,1,0,0,0
updownphone,3,0,2,0,1914,0,1914,0,0,0,0,0,0,0,0,0,0,0
upopple+RewardYourTasks,1,0,1,0,4462,0,4462,0,0,0,0,0,0,0,0,0,4,0
uselectionsapp,13,0,13,0,8544,0,8544,0,5,1,0,0,0,0,0,0,4,0
uspell,3,0,1,2,2946,1368,4314,0,2,5,0,0,0,0,1,0,0,0
ussdrunner,1,0,1,0,1242,0,1242,0,0,0,0,0,0,0,0,0,0,0
uvweb+UVwebForWindowsPhone,1,0,0,1,0,995,995,1,1,0,0,0,0,0,0,0,0,0
V1ncam+Tetris,3,0,2,0,2307,0,2307,0,0,0,0,0,0,0,0,0,0,0
Valve+analitika,2,0,2,0,1341,0,1341,0,2,1,0,0,0,0,0,0,0,0
Vangos+WindowsPhoneUtilities,2,0,2,0,935,0,935,0,0,0,0,0,0,0,0,0,0,0
vanguidewp7,3,0,3,0,27748,0,27748,0,9,8,0,0,0,1,0,0,0,0
Vanidor+Stundenplan_TSST,1,0,1,0,1713,0,1713,0,0,0,0,0,0,0,0,0,0,0
vcaraulean+mGitHub.SampleApp,1,0,1,0,3462,0,3462,0,0,1,0,0,0,0,0,0,0,0
vcardlibrary,2,0,2,0,16897,0,16897,0,0,1,0,0,0,0,0,0,0,0
vdisk,2,0,2,0,1879,0,1879,0,0,0,0,0,0,0,0,0,0,0
VegaFromLyra+MusicalAlarms,1,0,1,0,1422,0,1422,0,0,0,0,0,0,0,0,0,0,0
vetoketju+WP-Noteradar,1,0,1,0,2933,0,2933,0,0,0,0,0,0,0,0,0,1,0
viivoices+ViiVoies_Game,1,0,1,0,102899,0,102899,0,0,0,0,0,0,0,0,0,0,0
vikeshkhanna+kg12,2,0,2,0,2495,0,2495,0,0,0,0,0,0,0,0,0,0,0
vikramkone+SuperAlarm,1,0,0,1,0,1907,1907,0,0,0,0,0,0,0,0,0,0,0
vinocellar,1,0,1,0,1973,0,1973,0,0,1,0,0,0,0,0,0,0,0
Vintharas+WP7projects,50,0,44,0,52268,0,52268,0,3,0,0,0,0,0,0,0,0,0
virmani+Wooter,2,0,2,0,2508,0,2508,0,3,1,0,0,0,1,2,0,0,0
virtualkeyboard,12,0,6,0,4608,0,4608,0,0,0,0,0,0,0,0,0,0,0
vishaknag+WindowsPhone-imageFacebookPost,1,0,1,0,636,0,636,0,0,1,0,0,0,0,0,0,0,0
visualfindr,1,0,1,0,2179,0,2179,0,4,0,0,0,0,0,0,0,0,0
vivtrafico,1,0,1,0,1617,0,1617,0,2,0,0,0,0,0,0,0,0,0
vkplay,3,0,3,0,1668,0,1668,0,0,1,0,0,0,0,0,0,0,0
vksvgithub+IshaWindowsPhone7App,4,0,0,2,0,1456,1456,0,0,0,0,2,0,0,0,0,0,0
vlcwp7,2,0,2,0,5481,0,5481,0,5,3,0,0,0,1,0,0,2,0
vnet,6,0,2,1,5954,5846,11800,0,0,4,0,1,0,0,0,0,0,0
vokabeltrainerapp,1,0,1,0,2413,0,2413,0,0,0,0,0,0,0,0,0,0,0
vortexwolf+2ch-Browser-WP7,3,0,2,0,7433,0,7433,0,0,0,3,5,5,0,0,0,0,0
vracer,3,0,2,0,2443,0,2443,0,0,0,0,0,0,0,1,0,0,0
vsa,1,0,1,0,1726,0,1726,0,2,0,0,0,0,0,0,0,0,0
vtquan+ProbSimulator-WP7,1,0,1,0,3365,0,3365,0,0,0,0,0,0,0,0,0,0,0
Vykt0r+Music-Player,6,0,6,0,2128,0,2128,0,0,0,0,0,0,0,0,0,0,0
w8bouncycastle,2,0,0,1,0,160924,160924,0,0,0,3,17,0,0,0,0,0,0
wachtminderina,3,0,3,0,3467,0,3467,0,3,0,0,0,0,0,0,0,0,0
wadewegner+sdkMicrophoneCS_UploadToBlob,1,0,1,0,1097,0,1097,0,3,0,0,0,0,1,0,0,0,0
wadewegner+TheHackersDiet-WindowsPhone,1,0,1,0,1173,0,1173,0,0,0,0,0,0,0,0,0,0,0
wangjhstc+WindowsPhone7Design,4,0,4,0,2116,0,2116,0,0,0,0,0,0,0,0,0,0,0
wangqinlong+Stopwatch,1,0,1,0,902,0,902,0,0,0,0,0,0,0,0,0,0,0
wangyif2+FinanceVision,1,0,0,1,0,1491,1491,0,0,0,0,1,0,0,0,0,0,0
wangzhe+WPDemo,1,0,1,0,646,0,646,0,0,0,0,0,0,0,0,0,0,0
weatherframe,2,0,1,0,4653,0,4653,0,3,0,0,0,0,1,0,0,1,0
weatherspark,4,0,1,0,6891,0,6891,0,0,6,0,0,0,0,0,0,0,0
WebconsultsEU+LwcWindowsPhoneRssReader,1,0,0,1,0,625,625,0,0,0,0,0,0,0,0,0,0,0
webtone,4,0,4,0,15603,0,15603,0,7,4,0,0,0,0,0,0,0,0
weemundo+TweetSharp-WindowsPhone-sample,1,0,1,0,514,0,514,0,0,0,0,0,0,0,0,0,0,0
wegorich+Geolocation-WindowsPhone-Demo,1,0,1,0,544,0,544,0,0,0,0,0,0,0,0,0,0,0
wegorich+RSS-Reader-WindowsPhone,1,0,1,0,3527,0,3527,0,0,1,0,0,0,0,0,0,0,0
weiran+Metropaper,17,2,8,0,62605,0,62605,0,12,1,0,0,0,0,1,0,0,0
weitalk,2,0,2,0,20896,0,20896,0,7,0,0,0,0,0,0,0,0,0
wfraser+ExposureMeter,1,0,0,1,0,1144,1144,0,0,1,0,3,0,0,0,0,0,1
wheelz,2,0,0,1,0,750,750,0,0,0,0,0,0,0,0,0,0,0
widgetlibrary,1,0,1,0,1103,0,1103,0,0,1,0,0,0,0,0,0,0,0
Wikia+WP7-API,2,0,2,0,3045,0,3045,0,0,0,0,0,0,0,0,0,0,0
windns,2,0,2,0,1512,0,1512,0,0,0,0,2,2,0,0,0,0,0
windowphonecalendar,2,0,2,0,702,0,702,0,0,0,0,0,0,0,0,0,0,0
windows8accelerator,6,0,1,2,8634,12154,20788,0,0,0,18,55,39,0,0,0,0,2
windowsphoneapp,11,0,9,0,56479,0,56479,0,14,14,0,0,0,0,6,0,1,0
windowsphonegarage,1,0,1,0,1067,0,1067,0,0,0,0,0,0,0,0,0,0,0
windowsphonehacker+wph-CacheClearer,3,0,3,0,2235,0,2235,0,0,1,0,0,0,1,0,0,0,0
windowsphonemvp,7,1,0,6,0,8115,8115,0,0,0,0,0,0,0,0,0,0,0
winmote7,2,0,1,0,2444,0,2444,0,0,3,0,0,0,0,0,0,0,0
winphone7db,3,0,2,0,2736,0,2736,0,0,0,0,0,0,0,0,0,2,0
winphonesqlite,4,2,2,0,105738,0,105738,0,0,0,0,0,0,0,0,0,0,0
winphonetheme,4,0,2,2,495,732,1227,0,0,0,0,0,0,0,0,0,0,0
WitolProductions+XNA-Engine,28,0,7,0,12982,0,12982,0,8,0,0,0,0,0,0,0,0,0
wmeints+SyncFrameworkToolkit,6,2,0,1,0,13655,13655,4,4,0,0,0,0,0,2,0,0,0
wolwp7,1,0,1,0,2188,0,2188,0,0,1,0,0,0,0,0,0,0,0
wowarmory4wp7,4,0,4,0,1354,0,1354,0,0,0,0,0,0,0,0,0,0,0
wp7,3,0,1,0,1935,0,1935,0,0,0,0,0,0,0,0,0,0,0
wp7accelerometer,4,0,1,0,1185,0,1185,0,0,0,0,0,0,0,0,0,0,0
wp7adrotator,35,0,21,2,22271,3034,25305,0,8,15,0,0,0,3,1,0,0,0
wp7applifecycle,2,0,2,0,1999,0,1999,0,0,0,0,0,0,0,0,0,0,0
wp7apress,47,0,42,0,17911,0,17911,0,2,2,0,0,0,2,0,0,0,0
wp7ardrone,8,0,5,0,10364,0,10364,0,6,7,0,0,0,5,1,0,1,0
wp7azurequickstarts,2,1,1,0,3110,0,3110,0,0,1,0,0,0,0,0,0,0,0
wp7basicapp,1,0,1,0,1073,0,1073,0,1,0,0,0,0,0,0,0,1,0
wp7cattofreeapp,1,0,1,0,2337,0,2337,0,0,2,0,0,0,0,0,0,0,0
wp7cmu,2,0,2,0,2738,0,2738,0,0,0,0,0,0,0,0,0,0,0
wp7designtemplates,1,0,1,0,1348,0,1348,0,0,0,0,0,0,0,0,0,0,0
wp7expensereport,1,0,1,0,1219,0,1219,0,0,0,0,0,0,0,0,0,0,0
wp7explorer,20,2,3,0,2380,0,2380,0,0,0,0,0,0,0,0,0,4,0
wp7feedbackcontrol,2,0,2,0,567,0,567,0,0,0,0,0,0,0,0,0,0,0
wp7flacplayer,5,0,5,0,8971,0,8971,0,0,1,0,0,0,2,0,0,1,0
wp7gadgets,1,0,1,0,833,0,833,0,0,2,0,0,0,0,0,0,0,0
wp7gameframework,18,0,18,0,16137,0,16137,0,0,0,0,0,0,0,0,0,0,0
wp7gameservices,3,0,2,0,642,0,642,0,2,1,0,0,0,0,0,0,0,0
wp7gbaemulator,6,1,5,0,45421,0,45421,0,0,0,0,0,0,4,0,0,0,0
wp7iphone,1,0,1,0,1784,0,1784,0,0,0,0,0,0,0,0,0,0,0
wp7listfw,1,0,1,0,746,0,746,0,0,0,0,0,0,0,0,0,0,0
wp7livesoccerscores,1,0,1,0,786,0,786,0,0,1,0,0,0,0,0,0,0,0
wp7medialib,1,0,1,0,1272,0,1272,0,0,0,0,0,0,0,0,0,0,0
wp7nl,9,0,4,5,7750,13086,20836,6,9,0,0,2,0,0,0,1,0,0
wp7notes,1,0,1,0,2587,0,2587,0,0,0,0,0,0,0,0,0,0,0
wp7numkeyboard,1,0,1,0,549,0,549,0,0,0,0,0,0,0,0,0,0,0
wp7ort,11,0,4,0,11692,0,11692,0,0,0,0,0,0,1,0,0,0,0
wp7paint,1,0,1,0,574,0,574,0,0,0,0,0,0,0,0,0,0,0
wp7rss,1,0,1,0,1464,0,1464,0,0,1,0,0,0,0,0,0,0,0
wp7rssreader,1,0,1,0,1120,0,1120,0,0,1,0,0,0,0,0,0,0,0
wp7signalrhelper,2,0,1,0,1541,0,1541,0,0,0,13,0,0,0,0,0,4,0
wp7simplegames,1,0,1,0,1757,0,1757,0,0,0,0,0,0,1,0,0,0,0
wp7slideshow,1,0,1,0,2583,0,2583,0,0,0,0,0,0,0,0,0,0,0
wp7spacemercs,3,0,1,0,4684,0,4684,0,2,2,0,0,0,3,0,0,0,0
wp7sqlite,3,0,3,0,111626,0,111626,0,0,0,0,0,0,0,0,0,0,0
wp7sync,3,0,1,0,714,0,714,0,0,1,0,0,0,0,0,0,0,0
wp7template,8,0,8,0,6345,0,6345,0,0,0,0,0,0,0,0,0,1,0
wp7timetracker,1,0,1,0,534,0,534,0,0,0,0,0,0,0,0,0,0,0
wp7unit,1,0,1,0,1948,0,1948,0,0,0,0,0,0,1,0,0,0,0
wp7uottawatour,7,0,3,0,9755,0,9755,0,0,0,0,0,0,0,0,0,0,0
wp7usbcannon,2,0,1,0,805,0,805,0,1,0,0,0,0,0,0,0,0,0
wp7userguide,2,0,2,0,573,0,573,0,0,0,0,0,0,0,0,0,0,0
wp7uservoice,2,0,2,0,2366,0,2366,0,0,0,0,0,0,0,0,0,0,0
wp8demos,4,0,0,4,0,1769,1769,0,0,0,0,1,0,0,0,0,0,0
wp8jukebox,4,0,0,1,0,1012,1012,0,0,0,0,0,0,0,0,0,0,0
wp8mapsamples,2,0,0,2,0,2969,2969,0,0,2,0,3,0,0,0,0,0,0
wp8police,1,0,0,1,0,1176,1176,0,0,1,0,0,0,0,0,0,0,0
wp8webserver,2,0,0,2,0,1527,1527,0,0,5,0,0,0,3,0,0,0,0
wpaa,1,0,1,0,822,0,822,0,1,0,0,0,0,0,0,0,0,0
wpact,7,0,7,0,3738,0,3738,0,0,7,0,0,0,0,0,0,0,0
wpassets,5,1,4,0,2973,0,2973,0,0,0,0,0,0,0,0,0,0,0
wpchineseinput,2,0,2,0,724,0,724,0,0,2,0,0,0,0,0,0,0,0
wpcoco,14,0,8,0,16183,0,16183,0,0,0,0,0,0,0,0,0,0,0
wpcontrola,3,0,2,0,2366,0,2366,0,0,3,0,0,0,0,0,0,0,0
wpcontrols,4,0,4,0,3773,0,3773,0,0,0,0,0,0,0,0,0,0,0
wpdemos,4,0,4,0,7287,0,7287,0,0,1,0,0,0,0,0,0,0,0
wpdialog,4,0,4,0,4370,0,4370,0,0,0,0,0,0,0,0,0,0,0
wpentkit,3,0,0,3,0,2474,2474,0,0,2,0,9,0,0,0,0,0,0
wpforms,6,0,3,0,4459,0,4459,0,1,1,0,0,0,0,0,0,0,0
wpforspu,2,0,2,0,1482,0,1482,0,0,0,0,0,0,0,0,0,0,0
wpgrammar,1,0,1,0,715,0,715,0,0,0,0,0,0,0,0,0,0,0
wphackertyper,1,0,1,0,647,0,647,0,0,0,0,0,0,1,0,0,0,0
wphtmlconverter,3,0,2,0,6555,0,6555,0,0,0,0,0,0,0,0,0,0,0
wphtmltextblock,1,0,0,1,0,678,678,0,0,0,0,0,0,0,0,0,0,0
wphttpserver,1,0,0,1,0,1242,1242,0,0,0,0,1,0,0,0,0,0,1
wpima,3,0,3,0,3158,0,3158,0,0,0,0,0,0,4,1,0,0,0
wpkeyboard,1,0,1,0,1779,0,1779,0,0,0,0,0,0,0,0,0,0,0
wpliveedu,1,0,1,0,5313,0,5313,0,0,1,0,0,0,1,0,0,0,0
wplottery,2,0,0,1,0,961,961,0,0,0,0,1,0,0,0,0,0,0
wpmap,2,0,2,0,1157,0,1157,0,0,0,0,0,0,0,0,0,0,0
wpmind,1,0,1,0,1145,0,1145,0,0,0,0,0,0,0,0,0,0,0
wprsstemplate,5,2,1,0,3462,0,3462,0,0,0,0,0,0,0,0,0,0,0
wpscaffolding,3,0,2,0,6384,0,6384,0,0,0,0,0,0,0,0,0,0,0
wpstatefulframework,1,0,1,0,807,0,807,0,0,0,0,0,0,0,0,0,0,0
wpstopwatch,3,0,3,0,3870,0,3870,0,0,0,0,0,0,0,0,0,0,0
wpstreaming,7,0,6,0,22889,0,22889,0,2,5,0,0,0,0,8,0,0,0
wptictactoe,1,0,1,0,757,0,757,0,0,0,0,0,0,0,0,0,0,0
wptilemaker,2,0,2,0,694,0,694,0,0,0,0,0,0,0,0,0,0,0
wptts,2,0,2,0,741,0,741,0,0,4,0,0,0,0,0,0,0,0
wpunifiedad,9,0,9,0,3737,0,3737,0,1,1,0,0,0,0,0,0,0,0
wpupnp,2,0,2,0,1086,0,1086,0,0,1,0,6,6,0,0,0,0,0
wpusercontrols,2,0,2,0,2212,0,2212,0,0,0,0,0,0,0,0,0,0,0
wpwfsjkp,3,0,3,0,1801,0,1801,0,3,0,0,0,0,0,0,0,0,0
wpwidgetlibrary,2,0,2,0,698,0,698,0,0,0,0,0,0,0,0,0,0,0
writeablebitmapex,36,0,9,3,17942,6066,24008,0,0,0,0,0,0,0,0,0,0,0
wulongqiushi,5,0,5,0,11000,0,11000,0,2,0,0,0,0,0,0,0,0,0
xabikos+MilosWindowsPhoneApp,1,0,1,0,1431,0,1431,0,0,2,0,0,0,0,0,0,0,0
xamlingcore,22,0,8,0,52000,0,52000,0,0,0,0,0,0,0,0,0,0,0
xepher+wp-wuxibus,6,0,6,0,4848,0,4848,0,4,0,0,0,0,5,0,0,1,0
xeppaka+mPuzzle-WP,1,0,1,0,5936,0,5936,0,8,0,0,0,0,1,0,0,0,0
Xerax+gmusic_wp,4,0,0,2,0,3914,3914,0,0,0,0,2,0,0,0,0,0,0
xghpro+MetroBlur,1,0,1,0,826,0,826,0,0,1,0,0,0,0,0,0,0,0
xmedianet,21,0,5,0,41697,0,41697,0,4,7,0,0,0,4,12,0,0,0
xnaelectriceffect,3,1,2,0,512,0,512,0,0,0,0,0,0,0,0,0,0,0
xnagameframework,3,0,2,0,3767,0,3767,0,0,0,0,0,0,0,0,0,0,0
xnapanoramicwp7,1,0,1,0,1087,0,1087,0,0,0,0,0,0,0,0,0,0,0
xnarkanoid,3,0,1,0,3428,0,3428,0,0,0,0,0,0,0,0,0,0,0
xnaxaml,8,0,2,0,2173,0,2173,0,0,0,0,0,0,0,0,0,0,0
xnaxen,80,8,7,0,15063,0,15063,0,0,0,0,0,0,0,0,0,0,0
xreadr,12,0,4,0,99072,0,99072,0,5,0,0,0,0,0,0,0,0,0
y2bd+TotallySwankWP,3,0,0,3,0,1574,1574,0,0,0,2,3,0,0,0,0,0,0
yamac+windows-demos,3,0,0,1,0,7017,7017,0,0,0,6,12,0,0,0,0,0,17
yammer+windows-phone-oauth-sdk-demo,2,0,0,2,0,1436,1436,0,0,2,0,0,0,0,0,0,0,0
yandexmobile+yandexmapkit-wp,1,0,1,0,1072,0,1072,0,0,0,0,0,0,0,0,0,0,0
yangqinjiang+SmallNote,1,0,1,0,962,0,962,0,0,0,0,0,0,0,0,0,0,0
yapi,1,0,1,0,504,0,504,0,0,0,0,3,3,0,0,0,0,0
yavc,11,0,2,0,6939,0,6939,0,4,4,0,0,0,0,4,0,0,0
yelper,3,0,1,0,2476,0,2476,0,2,2,0,0,0,0,0,0,0,0
yesez5+Pantallas-de-introducci-n-en-Windows-Phone,1,0,1,0,621,0,621,0,0,0,0,0,0,0,0,0,0,0
yesez5+Tips-Windows-Phone,4,0,3,1,1337,558,1895,0,0,0,0,0,0,0,0,0,0,0
yesyo+WindowsPhoneRatingControl,2,0,2,0,3840,0,3840,0,0,0,0,0,0,0,0,0,0,0
yesyo+WindowsPhoneWatermarkControl,2,0,2,0,580,0,580,0,0,0,0,0,0,0,0,0,0,0
yetibowl,1,0,0,1,0,573,573,0,0,0,0,0,0,0,0,0,0,0
Yeticorn+TwitchStreamer,2,0,0,2,0,1439,1439,0,0,0,0,0,0,0,0,0,0,0
yhaskell+Memoriam-wp7,1,0,1,0,1080,0,1080,0,0,0,0,0,0,2,0,0,0,0
yinsee+barcamppg2013-wp,1,0,0,1,0,3663,3663,0,0,4,1,13,0,0,0,0,0,1
ylad,8,0,4,4,5406,5886,11292,0,0,0,0,0,0,0,0,0,0,0
ylod,24,0,12,12,19122,19608,38730,0,0,0,0,0,0,0,6,0,0,0
yna,59,1,7,2,25222,23200,48422,2,2,0,0,0,0,0,0,0,0,0
youngpay+bus.fm,3,0,3,0,1453,0,1453,0,2,1,0,0,0,2,0,0,0,0
yuanfeiw+studentassistant,1,0,1,0,1212,0,1212,0,0,0,0,0,0,0,0,0,0,0
zaqthefreshman+PsychedelicFrisbeeHospital-WP8,1,0,1,0,1064,0,1064,0,0,0,0,0,0,1,0,0,0,0
zcbenz+sbbs-client-wp7,1,0,1,0,6259,0,6259,0,0,13,0,0,0,0,0,0,0,0
zecloud,53,12,2,0,4376,0,4376,0,5,1,0,0,0,0,0,0,0,0
zhaocong89+USTCMap,2,0,1,0,3491,0,3491,0,0,0,0,0,0,1,0,0,0,0
Zhaph+DoodleCycle,1,0,1,0,1817,0,1817,0,0,0,0,0,0,0,0,0,0,0
ZhongleiYang+Qiantang-River-Tide-APP,2,0,1,0,2856,0,2856,0,0,0,0,0,0,0,0,0,0,0
zldiablo+HouseLoanWP8,1,0,0,1,0,818,818,0,0,0,0,0,0,0,0,0,0,0
zldiablo+PomodoroTimerWP8,1,0,0,1,0,793,793,0,0,0,0,0,0,0,0,0,0,0
ZNickq+WorkoutPlanner,1,0,0,1,0,2821,2821,0,0,0,4,2,0,0,0,0,0,0
zomato,5,0,2,0,3544,0,3544,0,2,0,0,0,0,0,0,0,0,0
zombsquare,3,0,3,0,4159,0,4159,0,0,0,0,0,0,1,0,0,0,0
zoomtextbox,3,0,2,0,1600,0,1600,0,0,0,0,0,0,0,0,0,0,0
zunedata,1,0,1,0,1404,0,1404,0,0,11,0,0,0,0,0,0,0,0
zunedetector,1,0,1,0,788,0,788,0,0,0,0,0,0,0,0,0,1,0
zwaap+HttpClient,4,0,1,2,2764,3293,6057,6,12,0,10,12,4,0,0,0,0,0
zxingnet,42,5,3,2,101399,52353,153752,0,0,0,0,5,0,0,0,0,6,1
zxingwp7,4,0,4,0,23695,0,23695,0,0,0,0,0,0,0,0,0,0,0
ZytrixSathwikE+Windows,1,0,0,1,0,4455,4455,0,0,0,0,4,0,0,0,0,0,0
